taskSetId	setupType	scaleLevel	windowLevel	machines	instance	processingMismatches	windowMismatches	weightMismatches	setupMismatches	setupCostMismatches	workloadScale
n050-set01	family	base	zero	2	instances/data/n050-set01/family/base/zero/m2.dat	0	0	0	0	0	1.000000000000
n050-set01	family	base	zero	3	instances/data/n050-set01/family/base/zero/m3.dat	0	0	0	0	0	1.000000000000
n050-set01	family	base	zero	4	instances/data/n050-set01/family/base/zero/m4.dat	0	0	0	0	0	1.000000000000
n050-set01	family	base	narrow	2	instances/data/n050-set01/family/base/narrow/m2.dat	0	0	0	0	0	1.000000000000
n050-set01	family	base	narrow	3	instances/data/n050-set01/family/base/narrow/m3.dat	0	0	0	0	0	1.000000000000
n050-set01	family	base	narrow	4	instances/data/n050-set01/family/base/narrow/m4.dat	0	0	0	0	0	1.000000000000
n050-set01	family	base	wide	2	instances/data/n050-set01/family/base/wide/m2.dat	0	0	0	0	0	1.000000000000
n050-set01	family	base	wide	3	instances/data/n050-set01/family/base/wide/m3.dat	0	0	0	0	0	1.000000000000
n050-set01	family	base	wide	4	instances/data/n050-set01/family/base/wide/m4.dat	0	0	0	0	0	1.000000000000
n050-set01	family	medium	zero	2	instances/data/n050-set01/family/medium-heterogeneous/zero/m2.dat	0	0	0	0	0	10.384674329502
n050-set01	family	medium	zero	3	instances/data/n050-set01/family/medium-heterogeneous/zero/m3.dat	0	0	0	0	0	10.384674329502
n050-set01	family	medium	zero	4	instances/data/n050-set01/family/medium-heterogeneous/zero/m4.dat	0	0	0	0	0	10.384674329502
n050-set01	family	medium	narrow	2	instances/data/n050-set01/family/medium-heterogeneous/narrow/m2.dat	0	0	0	0	0	10.384674329502
n050-set01	family	medium	narrow	3	instances/data/n050-set01/family/medium-heterogeneous/narrow/m3.dat	0	0	0	0	0	10.384674329502
n050-set01	family	medium	narrow	4	instances/data/n050-set01/family/medium-heterogeneous/narrow/m4.dat	0	0	0	0	0	10.384674329502
n050-set01	family	medium	wide	2	instances/data/n050-set01/family/medium-heterogeneous/wide/m2.dat	0	0	0	0	0	10.384674329502
n050-set01	family	medium	wide	3	instances/data/n050-set01/family/medium-heterogeneous/wide/m3.dat	0	0	0	0	0	10.384674329502
n050-set01	family	medium	wide	4	instances/data/n050-set01/family/medium-heterogeneous/wide/m4.dat	0	0	0	0	0	10.384674329502
n050-set01	family	high	zero	2	instances/data/n050-set01/family/high-heterogeneous/zero/m2.dat	0	0	0	0	0	19.981609195402
n050-set01	family	high	zero	3	instances/data/n050-set01/family/high-heterogeneous/zero/m3.dat	0	0	0	0	0	19.981609195402
n050-set01	family	high	zero	4	instances/data/n050-set01/family/high-heterogeneous/zero/m4.dat	0	0	0	0	0	19.981609195402
n050-set01	family	high	narrow	2	instances/data/n050-set01/family/high-heterogeneous/narrow/m2.dat	0	0	0	0	0	19.981609195402
n050-set01	family	high	narrow	3	instances/data/n050-set01/family/high-heterogeneous/narrow/m3.dat	0	0	0	0	0	19.981609195402
n050-set01	family	high	narrow	4	instances/data/n050-set01/family/high-heterogeneous/narrow/m4.dat	0	0	0	0	0	19.981609195402
n050-set01	family	high	wide	2	instances/data/n050-set01/family/high-heterogeneous/wide/m2.dat	0	0	0	0	0	19.981609195402
n050-set01	family	high	wide	3	instances/data/n050-set01/family/high-heterogeneous/wide/m3.dat	0	0	0	0	0	19.981609195402
n050-set01	family	high	wide	4	instances/data/n050-set01/family/high-heterogeneous/wide/m4.dat	0	0	0	0	0	19.981609195402
n050-set02	family	base	zero	2	instances/data/n050-set02/family/base/zero/m2.dat	0	0	0	0	0	1.000000000000
n050-set02	family	base	zero	3	instances/data/n050-set02/family/base/zero/m3.dat	0	0	0	0	0	1.000000000000
n050-set02	family	base	zero	4	instances/data/n050-set02/family/base/zero/m4.dat	0	0	0	0	0	1.000000000000
n050-set02	family	base	narrow	2	instances/data/n050-set02/family/base/narrow/m2.dat	0	0	0	0	0	1.000000000000
n050-set02	family	base	narrow	3	instances/data/n050-set02/family/base/narrow/m3.dat	0	0	0	0	0	1.000000000000
n050-set02	family	base	narrow	4	instances/data/n050-set02/family/base/narrow/m4.dat	0	0	0	0	0	1.000000000000
n050-set02	family	base	wide	2	instances/data/n050-set02/family/base/wide/m2.dat	0	0	0	0	0	1.000000000000
n050-set02	family	base	wide	3	instances/data/n050-set02/family/base/wide/m3.dat	0	0	0	0	0	1.000000000000
n050-set02	family	base	wide	4	instances/data/n050-set02/family/base/wide/m4.dat	0	0	0	0	0	1.000000000000
n050-set02	family	medium	zero	2	instances/data/n050-set02/family/medium-heterogeneous/zero/m2.dat	0	0	0	0	0	10.120208410867
n050-set02	family	medium	zero	3	instances/data/n050-set02/family/medium-heterogeneous/zero/m3.dat	0	0	0	0	0	10.120208410867
n050-set02	family	medium	zero	4	instances/data/n050-set02/family/medium-heterogeneous/zero/m4.dat	0	0	0	0	0	10.120208410867
n050-set02	family	medium	narrow	2	instances/data/n050-set02/family/medium-heterogeneous/narrow/m2.dat	0	0	0	0	0	10.120208410867
n050-set02	family	medium	narrow	3	instances/data/n050-set02/family/medium-heterogeneous/narrow/m3.dat	0	0	0	0	0	10.120208410867
n050-set02	family	medium	narrow	4	instances/data/n050-set02/family/medium-heterogeneous/narrow/m4.dat	0	0	0	0	0	10.120208410867
n050-set02	family	medium	wide	2	instances/data/n050-set02/family/medium-heterogeneous/wide/m2.dat	0	0	0	0	0	10.120208410867
n050-set02	family	medium	wide	3	instances/data/n050-set02/family/medium-heterogeneous/wide/m3.dat	0	0	0	0	0	10.120208410867
n050-set02	family	medium	wide	4	instances/data/n050-set02/family/medium-heterogeneous/wide/m4.dat	0	0	0	0	0	10.120208410867
n050-set02	family	high	zero	2	instances/data/n050-set02/family/high-heterogeneous/zero/m2.dat	0	0	0	0	0	20.095273539263
n050-set02	family	high	zero	3	instances/data/n050-set02/family/high-heterogeneous/zero/m3.dat	0	0	0	0	0	20.095273539263
n050-set02	family	high	zero	4	instances/data/n050-set02/family/high-heterogeneous/zero/m4.dat	0	0	0	0	0	20.095273539263
n050-set02	family	high	narrow	2	instances/data/n050-set02/family/high-heterogeneous/narrow/m2.dat	0	0	0	0	0	20.095273539263
n050-set02	family	high	narrow	3	instances/data/n050-set02/family/high-heterogeneous/narrow/m3.dat	0	0	0	0	0	20.095273539263
n050-set02	family	high	narrow	4	instances/data/n050-set02/family/high-heterogeneous/narrow/m4.dat	0	0	0	0	0	20.095273539263
n050-set02	family	high	wide	2	instances/data/n050-set02/family/high-heterogeneous/wide/m2.dat	0	0	0	0	0	20.095273539263
n050-set02	family	high	wide	3	instances/data/n050-set02/family/high-heterogeneous/wide/m3.dat	0	0	0	0	0	20.095273539263
n050-set02	family	high	wide	4	instances/data/n050-set02/family/high-heterogeneous/wide/m4.dat	0	0	0	0	0	20.095273539263
n050-set03	family	base	zero	2	instances/data/n050-set03/family/base/zero/m2.dat	0	0	0	0	0	1.000000000000
n050-set03	family	base	zero	3	instances/data/n050-set03/family/base/zero/m3.dat	0	0	0	0	0	1.000000000000
n050-set03	family	base	zero	4	instances/data/n050-set03/family/base/zero/m4.dat	0	0	0	0	0	1.000000000000
n050-set03	family	base	narrow	2	instances/data/n050-set03/family/base/narrow/m2.dat	0	0	0	0	0	1.000000000000
n050-set03	family	base	narrow	3	instances/data/n050-set03/family/base/narrow/m3.dat	0	0	0	0	0	1.000000000000
n050-set03	family	base	narrow	4	instances/data/n050-set03/family/base/narrow/m4.dat	0	0	0	0	0	1.000000000000
n050-set03	family	base	wide	2	instances/data/n050-set03/family/base/wide/m2.dat	0	0	0	0	0	1.000000000000
n050-set03	family	base	wide	3	instances/data/n050-set03/family/base/wide/m3.dat	0	0	0	0	0	1.000000000000
n050-set03	family	base	wide	4	instances/data/n050-set03/family/base/wide/m4.dat	0	0	0	0	0	1.000000000000
n050-set03	family	medium	zero	2	instances/data/n050-set03/family/medium-heterogeneous/zero/m2.dat	0	0	0	0	0	10.705213641709
n050-set03	family	medium	zero	3	instances/data/n050-set03/family/medium-heterogeneous/zero/m3.dat	0	0	0	0	0	10.705213641709
n050-set03	family	medium	zero	4	instances/data/n050-set03/family/medium-heterogeneous/zero/m4.dat	0	0	0	0	0	10.705213641709
n050-set03	family	medium	narrow	2	instances/data/n050-set03/family/medium-heterogeneous/narrow/m2.dat	0	0	0	0	0	10.705213641709
n050-set03	family	medium	narrow	3	instances/data/n050-set03/family/medium-heterogeneous/narrow/m3.dat	0	0	0	0	0	10.705213641709
n050-set03	family	medium	narrow	4	instances/data/n050-set03/family/medium-heterogeneous/narrow/m4.dat	0	0	0	0	0	10.705213641709
n050-set03	family	medium	wide	2	instances/data/n050-set03/family/medium-heterogeneous/wide/m2.dat	0	0	0	0	0	10.705213641709
n050-set03	family	medium	wide	3	instances/data/n050-set03/family/medium-heterogeneous/wide/m3.dat	0	0	0	0	0	10.705213641709
n050-set03	family	medium	wide	4	instances/data/n050-set03/family/medium-heterogeneous/wide/m4.dat	0	0	0	0	0	10.705213641709
n050-set03	family	high	zero	2	instances/data/n050-set03/family/high-heterogeneous/zero/m2.dat	0	0	0	0	0	20.505292042336
n050-set03	family	high	zero	3	instances/data/n050-set03/family/high-heterogeneous/zero/m3.dat	0	0	0	0	0	20.505292042336
n050-set03	family	high	zero	4	instances/data/n050-set03/family/high-heterogeneous/zero/m4.dat	0	0	0	0	0	20.505292042336
n050-set03	family	high	narrow	2	instances/data/n050-set03/family/high-heterogeneous/narrow/m2.dat	0	0	0	0	0	20.505292042336
n050-set03	family	high	narrow	3	instances/data/n050-set03/family/high-heterogeneous/narrow/m3.dat	0	0	0	0	0	20.505292042336
n050-set03	family	high	narrow	4	instances/data/n050-set03/family/high-heterogeneous/narrow/m4.dat	0	0	0	0	0	20.505292042336
n050-set03	family	high	wide	2	instances/data/n050-set03/family/high-heterogeneous/wide/m2.dat	0	0	0	0	0	20.505292042336
n050-set03	family	high	wide	3	instances/data/n050-set03/family/high-heterogeneous/wide/m3.dat	0	0	0	0	0	20.505292042336
n050-set03	family	high	wide	4	instances/data/n050-set03/family/high-heterogeneous/wide/m4.dat	0	0	0	0	0	20.505292042336
n050-set04	family	base	zero	2	instances/data/n050-set04/family/base/zero/m2.dat	0	0	0	0	0	1.000000000000
n050-set04	family	base	zero	3	instances/data/n050-set04/family/base/zero/m3.dat	0	0	0	0	0	1.000000000000
n050-set04	family	base	zero	4	instances/data/n050-set04/family/base/zero/m4.dat	0	0	0	0	0	1.000000000000
n050-set04	family	base	narrow	2	instances/data/n050-set04/family/base/narrow/m2.dat	0	0	0	0	0	1.000000000000
n050-set04	family	base	narrow	3	instances/data/n050-set04/family/base/narrow/m3.dat	0	0	0	0	0	1.000000000000
n050-set04	family	base	narrow	4	instances/data/n050-set04/family/base/narrow/m4.dat	0	0	0	0	0	1.000000000000
n050-set04	family	base	wide	2	instances/data/n050-set04/family/base/wide/m2.dat	0	0	0	0	0	1.000000000000
n050-set04	family	base	wide	3	instances/data/n050-set04/family/base/wide/m3.dat	0	0	0	0	0	1.000000000000
n050-set04	family	base	wide	4	instances/data/n050-set04/family/base/wide/m4.dat	0	0	0	0	0	1.000000000000
n050-set04	family	medium	zero	2	instances/data/n050-set04/family/medium-heterogeneous/zero/m2.dat	0	0	0	0	0	9.716589861751
n050-set04	family	medium	zero	3	instances/data/n050-set04/family/medium-heterogeneous/zero/m3.dat	0	0	0	0	0	9.716589861751
n050-set04	family	medium	zero	4	instances/data/n050-set04/family/medium-heterogeneous/zero/m4.dat	0	0	0	0	0	9.716589861751
n050-set04	family	medium	narrow	2	instances/data/n050-set04/family/medium-heterogeneous/narrow/m2.dat	0	0	0	0	0	9.716589861751
n050-set04	family	medium	narrow	3	instances/data/n050-set04/family/medium-heterogeneous/narrow/m3.dat	0	0	0	0	0	9.716589861751
n050-set04	family	medium	narrow	4	instances/data/n050-set04/family/medium-heterogeneous/narrow/m4.dat	0	0	0	0	0	9.716589861751
n050-set04	family	medium	wide	2	instances/data/n050-set04/family/medium-heterogeneous/wide/m2.dat	0	0	0	0	0	9.716589861751
n050-set04	family	medium	wide	3	instances/data/n050-set04/family/medium-heterogeneous/wide/m3.dat	0	0	0	0	0	9.716589861751
n050-set04	family	medium	wide	4	instances/data/n050-set04/family/medium-heterogeneous/wide/m4.dat	0	0	0	0	0	9.716589861751
n050-set04	family	high	zero	2	instances/data/n050-set04/family/high-heterogeneous/zero/m2.dat	0	0	0	0	0	19.741474654378
n050-set04	family	high	zero	3	instances/data/n050-set04/family/high-heterogeneous/zero/m3.dat	0	0	0	0	0	19.741474654378
n050-set04	family	high	zero	4	instances/data/n050-set04/family/high-heterogeneous/zero/m4.dat	0	0	0	0	0	19.741474654378
n050-set04	family	high	narrow	2	instances/data/n050-set04/family/high-heterogeneous/narrow/m2.dat	0	0	0	0	0	19.741474654378
n050-set04	family	high	narrow	3	instances/data/n050-set04/family/high-heterogeneous/narrow/m3.dat	0	0	0	0	0	19.741474654378
n050-set04	family	high	narrow	4	instances/data/n050-set04/family/high-heterogeneous/narrow/m4.dat	0	0	0	0	0	19.741474654378
n050-set04	family	high	wide	2	instances/data/n050-set04/family/high-heterogeneous/wide/m2.dat	0	0	0	0	0	19.741474654378
n050-set04	family	high	wide	3	instances/data/n050-set04/family/high-heterogeneous/wide/m3.dat	0	0	0	0	0	19.741474654378
n050-set04	family	high	wide	4	instances/data/n050-set04/family/high-heterogeneous/wide/m4.dat	0	0	0	0	0	19.741474654378
n050-set05	family	base	zero	2	instances/data/n050-set05/family/base/zero/m2.dat	0	0	0	0	0	1.000000000000
n050-set05	family	base	zero	3	instances/data/n050-set05/family/base/zero/m3.dat	0	0	0	0	0	1.000000000000
n050-set05	family	base	zero	4	instances/data/n050-set05/family/base/zero/m4.dat	0	0	0	0	0	1.000000000000
n050-set05	family	base	narrow	2	instances/data/n050-set05/family/base/narrow/m2.dat	0	0	0	0	0	1.000000000000
n050-set05	family	base	narrow	3	instances/data/n050-set05/family/base/narrow/m3.dat	0	0	0	0	0	1.000000000000
n050-set05	family	base	narrow	4	instances/data/n050-set05/family/base/narrow/m4.dat	0	0	0	0	0	1.000000000000
n050-set05	family	base	wide	2	instances/data/n050-set05/family/base/wide/m2.dat	0	0	0	0	0	1.000000000000
n050-set05	family	base	wide	3	instances/data/n050-set05/family/base/wide/m3.dat	0	0	0	0	0	1.000000000000
n050-set05	family	base	wide	4	instances/data/n050-set05/family/base/wide/m4.dat	0	0	0	0	0	1.000000000000
n050-set05	family	medium	zero	2	instances/data/n050-set05/family/medium-heterogeneous/zero/m2.dat	0	0	0	0	0	9.341463414634
n050-set05	family	medium	zero	3	instances/data/n050-set05/family/medium-heterogeneous/zero/m3.dat	0	0	0	0	0	9.341463414634
n050-set05	family	medium	zero	4	instances/data/n050-set05/family/medium-heterogeneous/zero/m4.dat	0	0	0	0	0	9.341463414634
n050-set05	family	medium	narrow	2	instances/data/n050-set05/family/medium-heterogeneous/narrow/m2.dat	0	0	0	0	0	9.341463414634
n050-set05	family	medium	narrow	3	instances/data/n050-set05/family/medium-heterogeneous/narrow/m3.dat	0	0	0	0	0	9.341463414634
n050-set05	family	medium	narrow	4	instances/data/n050-set05/family/medium-heterogeneous/narrow/m4.dat	0	0	0	0	0	9.341463414634
n050-set05	family	medium	wide	2	instances/data/n050-set05/family/medium-heterogeneous/wide/m2.dat	0	0	0	0	0	9.341463414634
n050-set05	family	medium	wide	3	instances/data/n050-set05/family/medium-heterogeneous/wide/m3.dat	0	0	0	0	0	9.341463414634
n050-set05	family	medium	wide	4	instances/data/n050-set05/family/medium-heterogeneous/wide/m4.dat	0	0	0	0	0	9.341463414634
n050-set05	family	high	zero	2	instances/data/n050-set05/family/high-heterogeneous/zero/m2.dat	0	0	0	0	0	19.864301552106
n050-set05	family	high	zero	3	instances/data/n050-set05/family/high-heterogeneous/zero/m3.dat	0	0	0	0	0	19.864301552106
n050-set05	family	high	zero	4	instances/data/n050-set05/family/high-heterogeneous/zero/m4.dat	0	0	0	0	0	19.864301552106
n050-set05	family	high	narrow	2	instances/data/n050-set05/family/high-heterogeneous/narrow/m2.dat	0	0	0	0	0	19.864301552106
n050-set05	family	high	narrow	3	instances/data/n050-set05/family/high-heterogeneous/narrow/m3.dat	0	0	0	0	0	19.864301552106
n050-set05	family	high	narrow	4	instances/data/n050-set05/family/high-heterogeneous/narrow/m4.dat	0	0	0	0	0	19.864301552106
n050-set05	family	high	wide	2	instances/data/n050-set05/family/high-heterogeneous/wide/m2.dat	0	0	0	0	0	19.864301552106
n050-set05	family	high	wide	3	instances/data/n050-set05/family/high-heterogeneous/wide/m3.dat	0	0	0	0	0	19.864301552106
n050-set05	family	high	wide	4	instances/data/n050-set05/family/high-heterogeneous/wide/m4.dat	0	0	0	0	0	19.864301552106
n060-set01	family	base	zero	2	instances/data/n060-set01/family/base/zero/m2.dat	0	0	0	0	0	1.000000000000
n060-set01	family	base	zero	3	instances/data/n060-set01/family/base/zero/m3.dat	0	0	0	0	0	1.000000000000
n060-set01	family	base	zero	4	instances/data/n060-set01/family/base/zero/m4.dat	0	0	0	0	0	1.000000000000
n060-set01	family	base	narrow	2	instances/data/n060-set01/family/base/narrow/m2.dat	0	0	0	0	0	1.000000000000
n060-set01	family	base	narrow	3	instances/data/n060-set01/family/base/narrow/m3.dat	0	0	0	0	0	1.000000000000
n060-set01	family	base	narrow	4	instances/data/n060-set01/family/base/narrow/m4.dat	0	0	0	0	0	1.000000000000
n060-set01	family	base	wide	2	instances/data/n060-set01/family/base/wide/m2.dat	0	0	0	0	0	1.000000000000
n060-set01	family	base	wide	3	instances/data/n060-set01/family/base/wide/m3.dat	0	0	0	0	0	1.000000000000
n060-set01	family	base	wide	4	instances/data/n060-set01/family/base/wide/m4.dat	0	0	0	0	0	1.000000000000
n060-set01	family	medium	zero	2	instances/data/n060-set01/family/medium-heterogeneous/zero/m2.dat	0	0	0	0	0	9.362362971985
n060-set01	family	medium	zero	3	instances/data/n060-set01/family/medium-heterogeneous/zero/m3.dat	0	0	0	0	0	9.362362971985
n060-set01	family	medium	zero	4	instances/data/n060-set01/family/medium-heterogeneous/zero/m4.dat	0	0	0	0	0	9.362362971985
n060-set01	family	medium	narrow	2	instances/data/n060-set01/family/medium-heterogeneous/narrow/m2.dat	0	0	0	0	0	9.362362971985
n060-set01	family	medium	narrow	3	instances/data/n060-set01/family/medium-heterogeneous/narrow/m3.dat	0	0	0	0	0	9.362362971985
n060-set01	family	medium	narrow	4	instances/data/n060-set01/family/medium-heterogeneous/narrow/m4.dat	0	0	0	0	0	9.362362971985
n060-set01	family	medium	wide	2	instances/data/n060-set01/family/medium-heterogeneous/wide/m2.dat	0	0	0	0	0	9.362362971985
n060-set01	family	medium	wide	3	instances/data/n060-set01/family/medium-heterogeneous/wide/m3.dat	0	0	0	0	0	9.362362971985
n060-set01	family	medium	wide	4	instances/data/n060-set01/family/medium-heterogeneous/wide/m4.dat	0	0	0	0	0	9.362362971985
n060-set01	family	high	zero	2	instances/data/n060-set01/family/high-heterogeneous/zero/m2.dat	0	0	0	0	0	21.281668696711
n060-set01	family	high	zero	3	instances/data/n060-set01/family/high-heterogeneous/zero/m3.dat	0	0	0	0	0	21.281668696711
n060-set01	family	high	zero	4	instances/data/n060-set01/family/high-heterogeneous/zero/m4.dat	0	0	0	0	0	21.281668696711
n060-set01	family	high	narrow	2	instances/data/n060-set01/family/high-heterogeneous/narrow/m2.dat	0	0	0	0	0	21.281668696711
n060-set01	family	high	narrow	3	instances/data/n060-set01/family/high-heterogeneous/narrow/m3.dat	0	0	0	0	0	21.281668696711
n060-set01	family	high	narrow	4	instances/data/n060-set01/family/high-heterogeneous/narrow/m4.dat	0	0	0	0	0	21.281668696711
n060-set01	family	high	wide	2	instances/data/n060-set01/family/high-heterogeneous/wide/m2.dat	0	0	0	0	0	21.281668696711
n060-set01	family	high	wide	3	instances/data/n060-set01/family/high-heterogeneous/wide/m3.dat	0	0	0	0	0	21.281668696711
n060-set01	family	high	wide	4	instances/data/n060-set01/family/high-heterogeneous/wide/m4.dat	0	0	0	0	0	21.281668696711
n060-set02	family	base	zero	2	instances/data/n060-set02/family/base/zero/m2.dat	0	0	0	0	0	1.000000000000
n060-set02	family	base	zero	3	instances/data/n060-set02/family/base/zero/m3.dat	0	0	0	0	0	1.000000000000
n060-set02	family	base	zero	4	instances/data/n060-set02/family/base/zero/m4.dat	0	0	0	0	0	1.000000000000
n060-set02	family	base	narrow	2	instances/data/n060-set02/family/base/narrow/m2.dat	0	0	0	0	0	1.000000000000
n060-set02	family	base	narrow	3	instances/data/n060-set02/family/base/narrow/m3.dat	0	0	0	0	0	1.000000000000
n060-set02	family	base	narrow	4	instances/data/n060-set02/family/base/narrow/m4.dat	0	0	0	0	0	1.000000000000
n060-set02	family	base	wide	2	instances/data/n060-set02/family/base/wide/m2.dat	0	0	0	0	0	1.000000000000
n060-set02	family	base	wide	3	instances/data/n060-set02/family/base/wide/m3.dat	0	0	0	0	0	1.000000000000
n060-set02	family	base	wide	4	instances/data/n060-set02/family/base/wide/m4.dat	0	0	0	0	0	1.000000000000
n060-set02	family	medium	zero	2	instances/data/n060-set02/family/medium-heterogeneous/zero/m2.dat	0	0	0	0	0	9.412882447665
n060-set02	family	medium	zero	3	instances/data/n060-set02/family/medium-heterogeneous/zero/m3.dat	0	0	0	0	0	9.412882447665
n060-set02	family	medium	zero	4	instances/data/n060-set02/family/medium-heterogeneous/zero/m4.dat	0	0	0	0	0	9.412882447665
n060-set02	family	medium	narrow	2	instances/data/n060-set02/family/medium-heterogeneous/narrow/m2.dat	0	0	0	0	0	9.412882447665
n060-set02	family	medium	narrow	3	instances/data/n060-set02/family/medium-heterogeneous/narrow/m3.dat	0	0	0	0	0	9.412882447665
n060-set02	family	medium	narrow	4	instances/data/n060-set02/family/medium-heterogeneous/narrow/m4.dat	0	0	0	0	0	9.412882447665
n060-set02	family	medium	wide	2	instances/data/n060-set02/family/medium-heterogeneous/wide/m2.dat	0	0	0	0	0	9.412882447665
n060-set02	family	medium	wide	3	instances/data/n060-set02/family/medium-heterogeneous/wide/m3.dat	0	0	0	0	0	9.412882447665
n060-set02	family	medium	wide	4	instances/data/n060-set02/family/medium-heterogeneous/wide/m4.dat	0	0	0	0	0	9.412882447665
n060-set02	family	high	zero	2	instances/data/n060-set02/family/high-heterogeneous/zero/m2.dat	0	0	0	0	0	19.945249597424
n060-set02	family	high	zero	3	instances/data/n060-set02/family/high-heterogeneous/zero/m3.dat	0	0	0	0	0	19.945249597424
n060-set02	family	high	zero	4	instances/data/n060-set02/family/high-heterogeneous/zero/m4.dat	0	0	0	0	0	19.945249597424
n060-set02	family	high	narrow	2	instances/data/n060-set02/family/high-heterogeneous/narrow/m2.dat	0	0	0	0	0	19.945249597424
n060-set02	family	high	narrow	3	instances/data/n060-set02/family/high-heterogeneous/narrow/m3.dat	0	0	0	0	0	19.945249597424
n060-set02	family	high	narrow	4	instances/data/n060-set02/family/high-heterogeneous/narrow/m4.dat	0	0	0	0	0	19.945249597424
n060-set02	family	high	wide	2	instances/data/n060-set02/family/high-heterogeneous/wide/m2.dat	0	0	0	0	0	19.945249597424
n060-set02	family	high	wide	3	instances/data/n060-set02/family/high-heterogeneous/wide/m3.dat	0	0	0	0	0	19.945249597424
n060-set02	family	high	wide	4	instances/data/n060-set02/family/high-heterogeneous/wide/m4.dat	0	0	0	0	0	19.945249597424
n060-set03	family	base	zero	2	instances/data/n060-set03/family/base/zero/m2.dat	0	0	0	0	0	1.000000000000
n060-set03	family	base	zero	3	instances/data/n060-set03/family/base/zero/m3.dat	0	0	0	0	0	1.000000000000
n060-set03	family	base	zero	4	instances/data/n060-set03/family/base/zero/m4.dat	0	0	0	0	0	1.000000000000
n060-set03	family	base	narrow	2	instances/data/n060-set03/family/base/narrow/m2.dat	0	0	0	0	0	1.000000000000
n060-set03	family	base	narrow	3	instances/data/n060-set03/family/base/narrow/m3.dat	0	0	0	0	0	1.000000000000
n060-set03	family	base	narrow	4	instances/data/n060-set03/family/base/narrow/m4.dat	0	0	0	0	0	1.000000000000
n060-set03	family	base	wide	2	instances/data/n060-set03/family/base/wide/m2.dat	0	0	0	0	0	1.000000000000
n060-set03	family	base	wide	3	instances/data/n060-set03/family/base/wide/m3.dat	0	0	0	0	0	1.000000000000
n060-set03	family	base	wide	4	instances/data/n060-set03/family/base/wide/m4.dat	0	0	0	0	0	1.000000000000
n060-set03	family	medium	zero	2	instances/data/n060-set03/family/medium-heterogeneous/zero/m2.dat	0	0	0	0	0	10.087435233161
n060-set03	family	medium	zero	3	instances/data/n060-set03/family/medium-heterogeneous/zero/m3.dat	0	0	0	0	0	10.087435233161
n060-set03	family	medium	zero	4	instances/data/n060-set03/family/medium-heterogeneous/zero/m4.dat	0	0	0	0	0	10.087435233161
n060-set03	family	medium	narrow	2	instances/data/n060-set03/family/medium-heterogeneous/narrow/m2.dat	0	0	0	0	0	10.087435233161
n060-set03	family	medium	narrow	3	instances/data/n060-set03/family/medium-heterogeneous/narrow/m3.dat	0	0	0	0	0	10.087435233161
n060-set03	family	medium	narrow	4	instances/data/n060-set03/family/medium-heterogeneous/narrow/m4.dat	0	0	0	0	0	10.087435233161
n060-set03	family	medium	wide	2	instances/data/n060-set03/family/medium-heterogeneous/wide/m2.dat	0	0	0	0	0	10.087435233161
n060-set03	family	medium	wide	3	instances/data/n060-set03/family/medium-heterogeneous/wide/m3.dat	0	0	0	0	0	10.087435233161
n060-set03	family	medium	wide	4	instances/data/n060-set03/family/medium-heterogeneous/wide/m4.dat	0	0	0	0	0	10.087435233161
n060-set03	family	high	zero	2	instances/data/n060-set03/family/high-heterogeneous/zero/m2.dat	0	0	0	0	0	19.664507772021
n060-set03	family	high	zero	3	instances/data/n060-set03/family/high-heterogeneous/zero/m3.dat	0	0	0	0	0	19.664507772021
n060-set03	family	high	zero	4	instances/data/n060-set03/family/high-heterogeneous/zero/m4.dat	0	0	0	0	0	19.664507772021
n060-set03	family	high	narrow	2	instances/data/n060-set03/family/high-heterogeneous/narrow/m2.dat	0	0	0	0	0	19.664507772021
n060-set03	family	high	narrow	3	instances/data/n060-set03/family/high-heterogeneous/narrow/m3.dat	0	0	0	0	0	19.664507772021
n060-set03	family	high	narrow	4	instances/data/n060-set03/family/high-heterogeneous/narrow/m4.dat	0	0	0	0	0	19.664507772021
n060-set03	family	high	wide	2	instances/data/n060-set03/family/high-heterogeneous/wide/m2.dat	0	0	0	0	0	19.664507772021
n060-set03	family	high	wide	3	instances/data/n060-set03/family/high-heterogeneous/wide/m3.dat	0	0	0	0	0	19.664507772021
n060-set03	family	high	wide	4	instances/data/n060-set03/family/high-heterogeneous/wide/m4.dat	0	0	0	0	0	19.664507772021
n060-set04	family	base	zero	2	instances/data/n060-set04/family/base/zero/m2.dat	0	0	0	0	0	1.000000000000
n060-set04	family	base	zero	3	instances/data/n060-set04/family/base/zero/m3.dat	0	0	0	0	0	1.000000000000
n060-set04	family	base	zero	4	instances/data/n060-set04/family/base/zero/m4.dat	0	0	0	0	0	1.000000000000
n060-set04	family	base	narrow	2	instances/data/n060-set04/family/base/narrow/m2.dat	0	0	0	0	0	1.000000000000
n060-set04	family	base	narrow	3	instances/data/n060-set04/family/base/narrow/m3.dat	0	0	0	0	0	1.000000000000
n060-set04	family	base	narrow	4	instances/data/n060-set04/family/base/narrow/m4.dat	0	0	0	0	0	1.000000000000
n060-set04	family	base	wide	2	instances/data/n060-set04/family/base/wide/m2.dat	0	0	0	0	0	1.000000000000
n060-set04	family	base	wide	3	instances/data/n060-set04/family/base/wide/m3.dat	0	0	0	0	0	1.000000000000
n060-set04	family	base	wide	4	instances/data/n060-set04/family/base/wide/m4.dat	0	0	0	0	0	1.000000000000
n060-set04	family	medium	zero	2	instances/data/n060-set04/family/medium-heterogeneous/zero/m2.dat	0	0	0	0	0	9.791601866252
n060-set04	family	medium	zero	3	instances/data/n060-set04/family/medium-heterogeneous/zero/m3.dat	0	0	0	0	0	9.791601866252
n060-set04	family	medium	zero	4	instances/data/n060-set04/family/medium-heterogeneous/zero/m4.dat	0	0	0	0	0	9.791601866252
n060-set04	family	medium	narrow	2	instances/data/n060-set04/family/medium-heterogeneous/narrow/m2.dat	0	0	0	0	0	9.791601866252
n060-set04	family	medium	narrow	3	instances/data/n060-set04/family/medium-heterogeneous/narrow/m3.dat	0	0	0	0	0	9.791601866252
n060-set04	family	medium	narrow	4	instances/data/n060-set04/family/medium-heterogeneous/narrow/m4.dat	0	0	0	0	0	9.791601866252
n060-set04	family	medium	wide	2	instances/data/n060-set04/family/medium-heterogeneous/wide/m2.dat	0	0	0	0	0	9.791601866252
n060-set04	family	medium	wide	3	instances/data/n060-set04/family/medium-heterogeneous/wide/m3.dat	0	0	0	0	0	9.791601866252
n060-set04	family	medium	wide	4	instances/data/n060-set04/family/medium-heterogeneous/wide/m4.dat	0	0	0	0	0	9.791601866252
n060-set04	family	high	zero	2	instances/data/n060-set04/family/high-heterogeneous/zero/m2.dat	0	0	0	0	0	20.683670295490
n060-set04	family	high	zero	3	instances/data/n060-set04/family/high-heterogeneous/zero/m3.dat	0	0	0	0	0	20.683670295490
n060-set04	family	high	zero	4	instances/data/n060-set04/family/high-heterogeneous/zero/m4.dat	0	0	0	0	0	20.683670295490
n060-set04	family	high	narrow	2	instances/data/n060-set04/family/high-heterogeneous/narrow/m2.dat	0	0	0	0	0	20.683670295490
n060-set04	family	high	narrow	3	instances/data/n060-set04/family/high-heterogeneous/narrow/m3.dat	0	0	0	0	0	20.683670295490
n060-set04	family	high	narrow	4	instances/data/n060-set04/family/high-heterogeneous/narrow/m4.dat	0	0	0	0	0	20.683670295490
n060-set04	family	high	wide	2	instances/data/n060-set04/family/high-heterogeneous/wide/m2.dat	0	0	0	0	0	20.683670295490
n060-set04	family	high	wide	3	instances/data/n060-set04/family/high-heterogeneous/wide/m3.dat	0	0	0	0	0	20.683670295490
n060-set04	family	high	wide	4	instances/data/n060-set04/family/high-heterogeneous/wide/m4.dat	0	0	0	0	0	20.683670295490
n060-set05	family	base	zero	2	instances/data/n060-set05/family/base/zero/m2.dat	0	0	0	0	0	1.000000000000
n060-set05	family	base	zero	3	instances/data/n060-set05/family/base/zero/m3.dat	0	0	0	0	0	1.000000000000
n060-set05	family	base	zero	4	instances/data/n060-set05/family/base/zero/m4.dat	0	0	0	0	0	1.000000000000
n060-set05	family	base	narrow	2	instances/data/n060-set05/family/base/narrow/m2.dat	0	0	0	0	0	1.000000000000
n060-set05	family	base	narrow	3	instances/data/n060-set05/family/base/narrow/m3.dat	0	0	0	0	0	1.000000000000
n060-set05	family	base	narrow	4	instances/data/n060-set05/family/base/narrow/m4.dat	0	0	0	0	0	1.000000000000
n060-set05	family	base	wide	2	instances/data/n060-set05/family/base/wide/m2.dat	0	0	0	0	0	1.000000000000
n060-set05	family	base	wide	3	instances/data/n060-set05/family/base/wide/m3.dat	0	0	0	0	0	1.000000000000
n060-set05	family	base	wide	4	instances/data/n060-set05/family/base/wide/m4.dat	0	0	0	0	0	1.000000000000
n060-set05	family	medium	zero	2	instances/data/n060-set05/family/medium-heterogeneous/zero/m2.dat	0	0	0	0	0	9.196901995830
n060-set05	family	medium	zero	3	instances/data/n060-set05/family/medium-heterogeneous/zero/m3.dat	0	0	0	0	0	9.196901995830
n060-set05	family	medium	zero	4	instances/data/n060-set05/family/medium-heterogeneous/zero/m4.dat	0	0	0	0	0	9.196901995830
n060-set05	family	medium	narrow	2	instances/data/n060-set05/family/medium-heterogeneous/narrow/m2.dat	0	0	0	0	0	9.196901995830
n060-set05	family	medium	narrow	3	instances/data/n060-set05/family/medium-heterogeneous/narrow/m3.dat	0	0	0	0	0	9.196901995830
n060-set05	family	medium	narrow	4	instances/data/n060-set05/family/medium-heterogeneous/narrow/m4.dat	0	0	0	0	0	9.196901995830
n060-set05	family	medium	wide	2	instances/data/n060-set05/family/medium-heterogeneous/wide/m2.dat	0	0	0	0	0	9.196901995830
n060-set05	family	medium	wide	3	instances/data/n060-set05/family/medium-heterogeneous/wide/m3.dat	0	0	0	0	0	9.196901995830
n060-set05	family	medium	wide	4	instances/data/n060-set05/family/medium-heterogeneous/wide/m4.dat	0	0	0	0	0	9.196901995830
n060-set05	family	high	zero	2	instances/data/n060-set05/family/high-heterogeneous/zero/m2.dat	0	0	0	0	0	20.096812630325
n060-set05	family	high	zero	3	instances/data/n060-set05/family/high-heterogeneous/zero/m3.dat	0	0	0	0	0	20.096812630325
n060-set05	family	high	zero	4	instances/data/n060-set05/family/high-heterogeneous/zero/m4.dat	0	0	0	0	0	20.096812630325
n060-set05	family	high	narrow	2	instances/data/n060-set05/family/high-heterogeneous/narrow/m2.dat	0	0	0	0	0	20.096812630325
n060-set05	family	high	narrow	3	instances/data/n060-set05/family/high-heterogeneous/narrow/m3.dat	0	0	0	0	0	20.096812630325
n060-set05	family	high	narrow	4	instances/data/n060-set05/family/high-heterogeneous/narrow/m4.dat	0	0	0	0	0	20.096812630325
n060-set05	family	high	wide	2	instances/data/n060-set05/family/high-heterogeneous/wide/m2.dat	0	0	0	0	0	20.096812630325
n060-set05	family	high	wide	3	instances/data/n060-set05/family/high-heterogeneous/wide/m3.dat	0	0	0	0	0	20.096812630325
n060-set05	family	high	wide	4	instances/data/n060-set05/family/high-heterogeneous/wide/m4.dat	0	0	0	0	0	20.096812630325
n080-set01	family	base	zero	3	instances/data/n080-set01/family/base/zero/m3.dat	0	0	0	0	0	1.000000000000
n080-set01	family	base	zero	4	instances/data/n080-set01/family/base/zero/m4.dat	0	0	0	0	0	1.000000000000
n080-set01	family	base	zero	5	instances/data/n080-set01/family/base/zero/m5.dat	0	0	0	0	0	1.000000000000
n080-set01	family	base	narrow	3	instances/data/n080-set01/family/base/narrow/m3.dat	0	0	0	0	0	1.000000000000
n080-set01	family	base	narrow	4	instances/data/n080-set01/family/base/narrow/m4.dat	0	0	0	0	0	1.000000000000
n080-set01	family	base	narrow	5	instances/data/n080-set01/family/base/narrow/m5.dat	0	0	0	0	0	1.000000000000
n080-set01	family	base	wide	3	instances/data/n080-set01/family/base/wide/m3.dat	0	0	0	0	0	1.000000000000
n080-set01	family	base	wide	4	instances/data/n080-set01/family/base/wide/m4.dat	0	0	0	0	0	1.000000000000
n080-set01	family	base	wide	5	instances/data/n080-set01/family/base/wide/m5.dat	0	0	0	0	0	1.000000000000
n080-set01	family	medium	zero	3	instances/data/n080-set01/family/medium-heterogeneous/zero/m3.dat	0	0	0	0	0	9.988508337089
n080-set01	family	medium	zero	4	instances/data/n080-set01/family/medium-heterogeneous/zero/m4.dat	0	0	0	0	0	9.988508337089
n080-set01	family	medium	zero	5	instances/data/n080-set01/family/medium-heterogeneous/zero/m5.dat	0	0	0	0	0	9.988508337089
n080-set01	family	medium	narrow	3	instances/data/n080-set01/family/medium-heterogeneous/narrow/m3.dat	0	0	0	0	0	9.988508337089
n080-set01	family	medium	narrow	4	instances/data/n080-set01/family/medium-heterogeneous/narrow/m4.dat	0	0	0	0	0	9.988508337089
n080-set01	family	medium	narrow	5	instances/data/n080-set01/family/medium-heterogeneous/narrow/m5.dat	0	0	0	0	0	9.988508337089
n080-set01	family	medium	wide	3	instances/data/n080-set01/family/medium-heterogeneous/wide/m3.dat	0	0	0	0	0	9.988508337089
n080-set01	family	medium	wide	4	instances/data/n080-set01/family/medium-heterogeneous/wide/m4.dat	0	0	0	0	0	9.988508337089
n080-set01	family	medium	wide	5	instances/data/n080-set01/family/medium-heterogeneous/wide/m5.dat	0	0	0	0	0	9.988508337089
n080-set01	family	high	zero	3	instances/data/n080-set01/family/high-heterogeneous/zero/m3.dat	0	0	0	0	0	19.472960793150
n080-set01	family	high	zero	4	instances/data/n080-set01/family/high-heterogeneous/zero/m4.dat	0	0	0	0	0	19.472960793150
n080-set01	family	high	zero	5	instances/data/n080-set01/family/high-heterogeneous/zero/m5.dat	0	0	0	0	0	19.472960793150
n080-set01	family	high	narrow	3	instances/data/n080-set01/family/high-heterogeneous/narrow/m3.dat	0	0	0	0	0	19.472960793150
n080-set01	family	high	narrow	4	instances/data/n080-set01/family/high-heterogeneous/narrow/m4.dat	0	0	0	0	0	19.472960793150
n080-set01	family	high	narrow	5	instances/data/n080-set01/family/high-heterogeneous/narrow/m5.dat	0	0	0	0	0	19.472960793150
n080-set01	family	high	wide	3	instances/data/n080-set01/family/high-heterogeneous/wide/m3.dat	0	0	0	0	0	19.472960793150
n080-set01	family	high	wide	4	instances/data/n080-set01/family/high-heterogeneous/wide/m4.dat	0	0	0	0	0	19.472960793150
n080-set01	family	high	wide	5	instances/data/n080-set01/family/high-heterogeneous/wide/m5.dat	0	0	0	0	0	19.472960793150
n080-set02	family	base	zero	3	instances/data/n080-set02/family/base/zero/m3.dat	0	0	0	0	0	1.000000000000
n080-set02	family	base	zero	4	instances/data/n080-set02/family/base/zero/m4.dat	0	0	0	0	0	1.000000000000
n080-set02	family	base	zero	5	instances/data/n080-set02/family/base/zero/m5.dat	0	0	0	0	0	1.000000000000
n080-set02	family	base	narrow	3	instances/data/n080-set02/family/base/narrow/m3.dat	0	0	0	0	0	1.000000000000
n080-set02	family	base	narrow	4	instances/data/n080-set02/family/base/narrow/m4.dat	0	0	0	0	0	1.000000000000
n080-set02	family	base	narrow	5	instances/data/n080-set02/family/base/narrow/m5.dat	0	0	0	0	0	1.000000000000
n080-set02	family	base	wide	3	instances/data/n080-set02/family/base/wide/m3.dat	0	0	0	0	0	1.000000000000
n080-set02	family	base	wide	4	instances/data/n080-set02/family/base/wide/m4.dat	0	0	0	0	0	1.000000000000
n080-set02	family	base	wide	5	instances/data/n080-set02/family/base/wide/m5.dat	0	0	0	0	0	1.000000000000
n080-set02	family	medium	zero	3	instances/data/n080-set02/family/medium-heterogeneous/zero/m3.dat	0	0	0	0	0	10.607694134410
n080-set02	family	medium	zero	4	instances/data/n080-set02/family/medium-heterogeneous/zero/m4.dat	0	0	0	0	0	10.607694134410
n080-set02	family	medium	zero	5	instances/data/n080-set02/family/medium-heterogeneous/zero/m5.dat	0	0	0	0	0	10.607694134410
n080-set02	family	medium	narrow	3	instances/data/n080-set02/family/medium-heterogeneous/narrow/m3.dat	0	0	0	0	0	10.607694134410
n080-set02	family	medium	narrow	4	instances/data/n080-set02/family/medium-heterogeneous/narrow/m4.dat	0	0	0	0	0	10.607694134410
n080-set02	family	medium	narrow	5	instances/data/n080-set02/family/medium-heterogeneous/narrow/m5.dat	0	0	0	0	0	10.607694134410
n080-set02	family	medium	wide	3	instances/data/n080-set02/family/medium-heterogeneous/wide/m3.dat	0	0	0	0	0	10.607694134410
n080-set02	family	medium	wide	4	instances/data/n080-set02/family/medium-heterogeneous/wide/m4.dat	0	0	0	0	0	10.607694134410
n080-set02	family	medium	wide	5	instances/data/n080-set02/family/medium-heterogeneous/wide/m5.dat	0	0	0	0	0	10.607694134410
n080-set02	family	high	zero	3	instances/data/n080-set02/family/high-heterogeneous/zero/m3.dat	0	0	0	0	0	19.794585609119
n080-set02	family	high	zero	4	instances/data/n080-set02/family/high-heterogeneous/zero/m4.dat	0	0	0	0	0	19.794585609119
n080-set02	family	high	zero	5	instances/data/n080-set02/family/high-heterogeneous/zero/m5.dat	0	0	0	0	0	19.794585609119
n080-set02	family	high	narrow	3	instances/data/n080-set02/family/high-heterogeneous/narrow/m3.dat	0	0	0	0	0	19.794585609119
n080-set02	family	high	narrow	4	instances/data/n080-set02/family/high-heterogeneous/narrow/m4.dat	0	0	0	0	0	19.794585609119
n080-set02	family	high	narrow	5	instances/data/n080-set02/family/high-heterogeneous/narrow/m5.dat	0	0	0	0	0	19.794585609119
n080-set02	family	high	wide	3	instances/data/n080-set02/family/high-heterogeneous/wide/m3.dat	0	0	0	0	0	19.794585609119
n080-set02	family	high	wide	4	instances/data/n080-set02/family/high-heterogeneous/wide/m4.dat	0	0	0	0	0	19.794585609119
n080-set02	family	high	wide	5	instances/data/n080-set02/family/high-heterogeneous/wide/m5.dat	0	0	0	0	0	19.794585609119
n080-set03	family	base	zero	3	instances/data/n080-set03/family/base/zero/m3.dat	0	0	0	0	0	1.000000000000
n080-set03	family	base	zero	4	instances/data/n080-set03/family/base/zero/m4.dat	0	0	0	0	0	1.000000000000
n080-set03	family	base	zero	5	instances/data/n080-set03/family/base/zero/m5.dat	0	0	0	0	0	1.000000000000
n080-set03	family	base	narrow	3	instances/data/n080-set03/family/base/narrow/m3.dat	0	0	0	0	0	1.000000000000
n080-set03	family	base	narrow	4	instances/data/n080-set03/family/base/narrow/m4.dat	0	0	0	0	0	1.000000000000
n080-set03	family	base	narrow	5	instances/data/n080-set03/family/base/narrow/m5.dat	0	0	0	0	0	1.000000000000
n080-set03	family	base	wide	3	instances/data/n080-set03/family/base/wide/m3.dat	0	0	0	0	0	1.000000000000
n080-set03	family	base	wide	4	instances/data/n080-set03/family/base/wide/m4.dat	0	0	0	0	0	1.000000000000
n080-set03	family	base	wide	5	instances/data/n080-set03/family/base/wide/m5.dat	0	0	0	0	0	1.000000000000
n080-set03	family	medium	zero	3	instances/data/n080-set03/family/medium-heterogeneous/zero/m3.dat	0	0	0	0	0	9.751876172608
n080-set03	family	medium	zero	4	instances/data/n080-set03/family/medium-heterogeneous/zero/m4.dat	0	0	0	0	0	9.751876172608
n080-set03	family	medium	zero	5	instances/data/n080-set03/family/medium-heterogeneous/zero/m5.dat	0	0	0	0	0	9.751876172608
n080-set03	family	medium	narrow	3	instances/data/n080-set03/family/medium-heterogeneous/narrow/m3.dat	0	0	0	0	0	9.751876172608
n080-set03	family	medium	narrow	4	instances/data/n080-set03/family/medium-heterogeneous/narrow/m4.dat	0	0	0	0	0	9.751876172608
n080-set03	family	medium	narrow	5	instances/data/n080-set03/family/medium-heterogeneous/narrow/m5.dat	0	0	0	0	0	9.751876172608
n080-set03	family	medium	wide	3	instances/data/n080-set03/family/medium-heterogeneous/wide/m3.dat	0	0	0	0	0	9.751876172608
n080-set03	family	medium	wide	4	instances/data/n080-set03/family/medium-heterogeneous/wide/m4.dat	0	0	0	0	0	9.751876172608
n080-set03	family	medium	wide	5	instances/data/n080-set03/family/medium-heterogeneous/wide/m5.dat	0	0	0	0	0	9.751876172608
n080-set03	family	high	zero	3	instances/data/n080-set03/family/high-heterogeneous/zero/m3.dat	0	0	0	0	0	19.931050656660
n080-set03	family	high	zero	4	instances/data/n080-set03/family/high-heterogeneous/zero/m4.dat	0	0	0	0	0	19.931050656660
n080-set03	family	high	zero	5	instances/data/n080-set03/family/high-heterogeneous/zero/m5.dat	0	0	0	0	0	19.931050656660
n080-set03	family	high	narrow	3	instances/data/n080-set03/family/high-heterogeneous/narrow/m3.dat	0	0	0	0	0	19.931050656660
n080-set03	family	high	narrow	4	instances/data/n080-set03/family/high-heterogeneous/narrow/m4.dat	0	0	0	0	0	19.931050656660
n080-set03	family	high	narrow	5	instances/data/n080-set03/family/high-heterogeneous/narrow/m5.dat	0	0	0	0	0	19.931050656660
n080-set03	family	high	wide	3	instances/data/n080-set03/family/high-heterogeneous/wide/m3.dat	0	0	0	0	0	19.931050656660
n080-set03	family	high	wide	4	instances/data/n080-set03/family/high-heterogeneous/wide/m4.dat	0	0	0	0	0	19.931050656660
n080-set03	family	high	wide	5	instances/data/n080-set03/family/high-heterogeneous/wide/m5.dat	0	0	0	0	0	19.931050656660
n080-set04	family	base	zero	3	instances/data/n080-set04/family/base/zero/m3.dat	0	0	0	0	0	1.000000000000
n080-set04	family	base	zero	4	instances/data/n080-set04/family/base/zero/m4.dat	0	0	0	0	0	1.000000000000
n080-set04	family	base	zero	5	instances/data/n080-set04/family/base/zero/m5.dat	0	0	0	0	0	1.000000000000
n080-set04	family	base	narrow	3	instances/data/n080-set04/family/base/narrow/m3.dat	0	0	0	0	0	1.000000000000
n080-set04	family	base	narrow	4	instances/data/n080-set04/family/base/narrow/m4.dat	0	0	0	0	0	1.000000000000
n080-set04	family	base	narrow	5	instances/data/n080-set04/family/base/narrow/m5.dat	0	0	0	0	0	1.000000000000
n080-set04	family	base	wide	3	instances/data/n080-set04/family/base/wide/m3.dat	0	0	0	0	0	1.000000000000
n080-set04	family	base	wide	4	instances/data/n080-set04/family/base/wide/m4.dat	0	0	0	0	0	1.000000000000
n080-set04	family	base	wide	5	instances/data/n080-set04/family/base/wide/m5.dat	0	0	0	0	0	1.000000000000
n080-set04	family	medium	zero	3	instances/data/n080-set04/family/medium-heterogeneous/zero/m3.dat	0	0	0	0	0	9.935822352367
n080-set04	family	medium	zero	4	instances/data/n080-set04/family/medium-heterogeneous/zero/m4.dat	0	0	0	0	0	9.935822352367
n080-set04	family	medium	zero	5	instances/data/n080-set04/family/medium-heterogeneous/zero/m5.dat	0	0	0	0	0	9.935822352367
n080-set04	family	medium	narrow	3	instances/data/n080-set04/family/medium-heterogeneous/narrow/m3.dat	0	0	0	0	0	9.935822352367
n080-set04	family	medium	narrow	4	instances/data/n080-set04/family/medium-heterogeneous/narrow/m4.dat	0	0	0	0	0	9.935822352367
n080-set04	family	medium	narrow	5	instances/data/n080-set04/family/medium-heterogeneous/narrow/m5.dat	0	0	0	0	0	9.935822352367
n080-set04	family	medium	wide	3	instances/data/n080-set04/family/medium-heterogeneous/wide/m3.dat	0	0	0	0	0	9.935822352367
n080-set04	family	medium	wide	4	instances/data/n080-set04/family/medium-heterogeneous/wide/m4.dat	0	0	0	0	0	9.935822352367
n080-set04	family	medium	wide	5	instances/data/n080-set04/family/medium-heterogeneous/wide/m5.dat	0	0	0	0	0	9.935822352367
n080-set04	family	high	zero	3	instances/data/n080-set04/family/high-heterogeneous/zero/m3.dat	0	0	0	0	0	20.022205954124
n080-set04	family	high	zero	4	instances/data/n080-set04/family/high-heterogeneous/zero/m4.dat	0	0	0	0	0	20.022205954124
n080-set04	family	high	zero	5	instances/data/n080-set04/family/high-heterogeneous/zero/m5.dat	0	0	0	0	0	20.022205954124
n080-set04	family	high	narrow	3	instances/data/n080-set04/family/high-heterogeneous/narrow/m3.dat	0	0	0	0	0	20.022205954124
n080-set04	family	high	narrow	4	instances/data/n080-set04/family/high-heterogeneous/narrow/m4.dat	0	0	0	0	0	20.022205954124
n080-set04	family	high	narrow	5	instances/data/n080-set04/family/high-heterogeneous/narrow/m5.dat	0	0	0	0	0	20.022205954124
n080-set04	family	high	wide	3	instances/data/n080-set04/family/high-heterogeneous/wide/m3.dat	0	0	0	0	0	20.022205954124
n080-set04	family	high	wide	4	instances/data/n080-set04/family/high-heterogeneous/wide/m4.dat	0	0	0	0	0	20.022205954124
n080-set04	family	high	wide	5	instances/data/n080-set04/family/high-heterogeneous/wide/m5.dat	0	0	0	0	0	20.022205954124
n080-set05	family	base	zero	3	instances/data/n080-set05/family/base/zero/m3.dat	0	0	0	0	0	1.000000000000
n080-set05	family	base	zero	4	instances/data/n080-set05/family/base/zero/m4.dat	0	0	0	0	0	1.000000000000
n080-set05	family	base	zero	5	instances/data/n080-set05/family/base/zero/m5.dat	0	0	0	0	0	1.000000000000
n080-set05	family	base	narrow	3	instances/data/n080-set05/family/base/narrow/m3.dat	0	0	0	0	0	1.000000000000
n080-set05	family	base	narrow	4	instances/data/n080-set05/family/base/narrow/m4.dat	0	0	0	0	0	1.000000000000
n080-set05	family	base	narrow	5	instances/data/n080-set05/family/base/narrow/m5.dat	0	0	0	0	0	1.000000000000
n080-set05	family	base	wide	3	instances/data/n080-set05/family/base/wide/m3.dat	0	0	0	0	0	1.000000000000
n080-set05	family	base	wide	4	instances/data/n080-set05/family/base/wide/m4.dat	0	0	0	0	0	1.000000000000
n080-set05	family	base	wide	5	instances/data/n080-set05/family/base/wide/m5.dat	0	0	0	0	0	1.000000000000
n080-set05	family	medium	zero	3	instances/data/n080-set05/family/medium-heterogeneous/zero/m3.dat	0	0	0	0	0	9.624761904762
n080-set05	family	medium	zero	4	instances/data/n080-set05/family/medium-heterogeneous/zero/m4.dat	0	0	0	0	0	9.624761904762
n080-set05	family	medium	zero	5	instances/data/n080-set05/family/medium-heterogeneous/zero/m5.dat	0	0	0	0	0	9.624761904762
n080-set05	family	medium	narrow	3	instances/data/n080-set05/family/medium-heterogeneous/narrow/m3.dat	0	0	0	0	0	9.624761904762
n080-set05	family	medium	narrow	4	instances/data/n080-set05/family/medium-heterogeneous/narrow/m4.dat	0	0	0	0	0	9.624761904762
n080-set05	family	medium	narrow	5	instances/data/n080-set05/family/medium-heterogeneous/narrow/m5.dat	0	0	0	0	0	9.624761904762
n080-set05	family	medium	wide	3	instances/data/n080-set05/family/medium-heterogeneous/wide/m3.dat	0	0	0	0	0	9.624761904762
n080-set05	family	medium	wide	4	instances/data/n080-set05/family/medium-heterogeneous/wide/m4.dat	0	0	0	0	0	9.624761904762
n080-set05	family	medium	wide	5	instances/data/n080-set05/family/medium-heterogeneous/wide/m5.dat	0	0	0	0	0	9.624761904762
n080-set05	family	high	zero	3	instances/data/n080-set05/family/high-heterogeneous/zero/m3.dat	0	0	0	0	0	19.687857142857
n080-set05	family	high	zero	4	instances/data/n080-set05/family/high-heterogeneous/zero/m4.dat	0	0	0	0	0	19.687857142857
n080-set05	family	high	zero	5	instances/data/n080-set05/family/high-heterogeneous/zero/m5.dat	0	0	0	0	0	19.687857142857
n080-set05	family	high	narrow	3	instances/data/n080-set05/family/high-heterogeneous/narrow/m3.dat	0	0	0	0	0	19.687857142857
n080-set05	family	high	narrow	4	instances/data/n080-set05/family/high-heterogeneous/narrow/m4.dat	0	0	0	0	0	19.687857142857
n080-set05	family	high	narrow	5	instances/data/n080-set05/family/high-heterogeneous/narrow/m5.dat	0	0	0	0	0	19.687857142857
n080-set05	family	high	wide	3	instances/data/n080-set05/family/high-heterogeneous/wide/m3.dat	0	0	0	0	0	19.687857142857
n080-set05	family	high	wide	4	instances/data/n080-set05/family/high-heterogeneous/wide/m4.dat	0	0	0	0	0	19.687857142857
n080-set05	family	high	wide	5	instances/data/n080-set05/family/high-heterogeneous/wide/m5.dat	0	0	0	0	0	19.687857142857
n100-set01	family	base	zero	3	instances/data/n100-set01/family/base/zero/m3.dat	0	0	0	0	0	1.000000000000
n100-set01	family	base	zero	4	instances/data/n100-set01/family/base/zero/m4.dat	0	0	0	0	0	1.000000000000
n100-set01	family	base	zero	5	instances/data/n100-set01/family/base/zero/m5.dat	0	0	0	0	0	1.000000000000
n100-set01	family	base	narrow	3	instances/data/n100-set01/family/base/narrow/m3.dat	0	0	0	0	0	1.000000000000
n100-set01	family	base	narrow	4	instances/data/n100-set01/family/base/narrow/m4.dat	0	0	0	0	0	1.000000000000
n100-set01	family	base	narrow	5	instances/data/n100-set01/family/base/narrow/m5.dat	0	0	0	0	0	1.000000000000
n100-set01	family	base	wide	3	instances/data/n100-set01/family/base/wide/m3.dat	0	0	0	0	0	1.000000000000
n100-set01	family	base	wide	4	instances/data/n100-set01/family/base/wide/m4.dat	0	0	0	0	0	1.000000000000
n100-set01	family	base	wide	5	instances/data/n100-set01/family/base/wide/m5.dat	0	0	0	0	0	1.000000000000
n100-set01	family	medium	zero	3	instances/data/n100-set01/family/medium-heterogeneous/zero/m3.dat	0	0	0	0	0	10.054891304348
n100-set01	family	medium	zero	4	instances/data/n100-set01/family/medium-heterogeneous/zero/m4.dat	0	0	0	0	0	10.054891304348
n100-set01	family	medium	zero	5	instances/data/n100-set01/family/medium-heterogeneous/zero/m5.dat	0	0	0	0	0	10.054891304348
n100-set01	family	medium	narrow	3	instances/data/n100-set01/family/medium-heterogeneous/narrow/m3.dat	0	0	0	0	0	10.054891304348
n100-set01	family	medium	narrow	4	instances/data/n100-set01/family/medium-heterogeneous/narrow/m4.dat	0	0	0	0	0	10.054891304348
n100-set01	family	medium	narrow	5	instances/data/n100-set01/family/medium-heterogeneous/narrow/m5.dat	0	0	0	0	0	10.054891304348
n100-set01	family	medium	wide	3	instances/data/n100-set01/family/medium-heterogeneous/wide/m3.dat	0	0	0	0	0	10.054891304348
n100-set01	family	medium	wide	4	instances/data/n100-set01/family/medium-heterogeneous/wide/m4.dat	0	0	0	0	0	10.054891304348
n100-set01	family	medium	wide	5	instances/data/n100-set01/family/medium-heterogeneous/wide/m5.dat	0	0	0	0	0	10.054891304348
n100-set01	family	high	zero	3	instances/data/n100-set01/family/high-heterogeneous/zero/m3.dat	0	0	0	0	0	19.942210144928
n100-set01	family	high	zero	4	instances/data/n100-set01/family/high-heterogeneous/zero/m4.dat	0	0	0	0	0	19.942210144928
n100-set01	family	high	zero	5	instances/data/n100-set01/family/high-heterogeneous/zero/m5.dat	0	0	0	0	0	19.942210144928
n100-set01	family	high	narrow	3	instances/data/n100-set01/family/high-heterogeneous/narrow/m3.dat	0	0	0	0	0	19.942210144928
n100-set01	family	high	narrow	4	instances/data/n100-set01/family/high-heterogeneous/narrow/m4.dat	0	0	0	0	0	19.942210144928
n100-set01	family	high	narrow	5	instances/data/n100-set01/family/high-heterogeneous/narrow/m5.dat	0	0	0	0	0	19.942210144928
n100-set01	family	high	wide	3	instances/data/n100-set01/family/high-heterogeneous/wide/m3.dat	0	0	0	0	0	19.942210144928
n100-set01	family	high	wide	4	instances/data/n100-set01/family/high-heterogeneous/wide/m4.dat	0	0	0	0	0	19.942210144928
n100-set01	family	high	wide	5	instances/data/n100-set01/family/high-heterogeneous/wide/m5.dat	0	0	0	0	0	19.942210144928
n100-set02	family	base	zero	3	instances/data/n100-set02/family/base/zero/m3.dat	0	0	0	0	0	1.000000000000
n100-set02	family	base	zero	4	instances/data/n100-set02/family/base/zero/m4.dat	0	0	0	0	0	1.000000000000
n100-set02	family	base	zero	5	instances/data/n100-set02/family/base/zero/m5.dat	0	0	0	0	0	1.000000000000
n100-set02	family	base	narrow	3	instances/data/n100-set02/family/base/narrow/m3.dat	0	0	0	0	0	1.000000000000
n100-set02	family	base	narrow	4	instances/data/n100-set02/family/base/narrow/m4.dat	0	0	0	0	0	1.000000000000
n100-set02	family	base	narrow	5	instances/data/n100-set02/family/base/narrow/m5.dat	0	0	0	0	0	1.000000000000
n100-set02	family	base	wide	3	instances/data/n100-set02/family/base/wide/m3.dat	0	0	0	0	0	1.000000000000
n100-set02	family	base	wide	4	instances/data/n100-set02/family/base/wide/m4.dat	0	0	0	0	0	1.000000000000
n100-set02	family	base	wide	5	instances/data/n100-set02/family/base/wide/m5.dat	0	0	0	0	0	1.000000000000
n100-set02	family	medium	zero	3	instances/data/n100-set02/family/medium-heterogeneous/zero/m3.dat	0	0	0	0	0	9.495040061045
n100-set02	family	medium	zero	4	instances/data/n100-set02/family/medium-heterogeneous/zero/m4.dat	0	0	0	0	0	9.495040061045
n100-set02	family	medium	zero	5	instances/data/n100-set02/family/medium-heterogeneous/zero/m5.dat	0	0	0	0	0	9.495040061045
n100-set02	family	medium	narrow	3	instances/data/n100-set02/family/medium-heterogeneous/narrow/m3.dat	0	0	0	0	0	9.495040061045
n100-set02	family	medium	narrow	4	instances/data/n100-set02/family/medium-heterogeneous/narrow/m4.dat	0	0	0	0	0	9.495040061045
n100-set02	family	medium	narrow	5	instances/data/n100-set02/family/medium-heterogeneous/narrow/m5.dat	0	0	0	0	0	9.495040061045
n100-set02	family	medium	wide	3	instances/data/n100-set02/family/medium-heterogeneous/wide/m3.dat	0	0	0	0	0	9.495040061045
n100-set02	family	medium	wide	4	instances/data/n100-set02/family/medium-heterogeneous/wide/m4.dat	0	0	0	0	0	9.495040061045
n100-set02	family	medium	wide	5	instances/data/n100-set02/family/medium-heterogeneous/wide/m5.dat	0	0	0	0	0	9.495040061045
n100-set02	family	high	zero	3	instances/data/n100-set02/family/high-heterogeneous/zero/m3.dat	0	0	0	0	0	20.337085082030
n100-set02	family	high	zero	4	instances/data/n100-set02/family/high-heterogeneous/zero/m4.dat	0	0	0	0	0	20.337085082030
n100-set02	family	high	zero	5	instances/data/n100-set02/family/high-heterogeneous/zero/m5.dat	0	0	0	0	0	20.337085082030
n100-set02	family	high	narrow	3	instances/data/n100-set02/family/high-heterogeneous/narrow/m3.dat	0	0	0	0	0	20.337085082030
n100-set02	family	high	narrow	4	instances/data/n100-set02/family/high-heterogeneous/narrow/m4.dat	0	0	0	0	0	20.337085082030
n100-set02	family	high	narrow	5	instances/data/n100-set02/family/high-heterogeneous/narrow/m5.dat	0	0	0	0	0	20.337085082030
n100-set02	family	high	wide	3	instances/data/n100-set02/family/high-heterogeneous/wide/m3.dat	0	0	0	0	0	20.337085082030
n100-set02	family	high	wide	4	instances/data/n100-set02/family/high-heterogeneous/wide/m4.dat	0	0	0	0	0	20.337085082030
n100-set02	family	high	wide	5	instances/data/n100-set02/family/high-heterogeneous/wide/m5.dat	0	0	0	0	0	20.337085082030
n100-set03	family	base	zero	3	instances/data/n100-set03/family/base/zero/m3.dat	0	0	0	0	0	1.000000000000
n100-set03	family	base	zero	4	instances/data/n100-set03/family/base/zero/m4.dat	0	0	0	0	0	1.000000000000
n100-set03	family	base	zero	5	instances/data/n100-set03/family/base/zero/m5.dat	0	0	0	0	0	1.000000000000
n100-set03	family	base	narrow	3	instances/data/n100-set03/family/base/narrow/m3.dat	0	0	0	0	0	1.000000000000
n100-set03	family	base	narrow	4	instances/data/n100-set03/family/base/narrow/m4.dat	0	0	0	0	0	1.000000000000
n100-set03	family	base	narrow	5	instances/data/n100-set03/family/base/narrow/m5.dat	0	0	0	0	0	1.000000000000
n100-set03	family	base	wide	3	instances/data/n100-set03/family/base/wide/m3.dat	0	0	0	0	0	1.000000000000
n100-set03	family	base	wide	4	instances/data/n100-set03/family/base/wide/m4.dat	0	0	0	0	0	1.000000000000
n100-set03	family	base	wide	5	instances/data/n100-set03/family/base/wide/m5.dat	0	0	0	0	0	1.000000000000
n100-set03	family	medium	zero	3	instances/data/n100-set03/family/medium-heterogeneous/zero/m3.dat	0	0	0	0	0	10.233244982961
n100-set03	family	medium	zero	4	instances/data/n100-set03/family/medium-heterogeneous/zero/m4.dat	0	0	0	0	0	10.233244982961
n100-set03	family	medium	zero	5	instances/data/n100-set03/family/medium-heterogeneous/zero/m5.dat	0	0	0	0	0	10.233244982961
n100-set03	family	medium	narrow	3	instances/data/n100-set03/family/medium-heterogeneous/narrow/m3.dat	0	0	0	0	0	10.233244982961
n100-set03	family	medium	narrow	4	instances/data/n100-set03/family/medium-heterogeneous/narrow/m4.dat	0	0	0	0	0	10.233244982961
n100-set03	family	medium	narrow	5	instances/data/n100-set03/family/medium-heterogeneous/narrow/m5.dat	0	0	0	0	0	10.233244982961
n100-set03	family	medium	wide	3	instances/data/n100-set03/family/medium-heterogeneous/wide/m3.dat	0	0	0	0	0	10.233244982961
n100-set03	family	medium	wide	4	instances/data/n100-set03/family/medium-heterogeneous/wide/m4.dat	0	0	0	0	0	10.233244982961
n100-set03	family	medium	wide	5	instances/data/n100-set03/family/medium-heterogeneous/wide/m5.dat	0	0	0	0	0	10.233244982961
n100-set03	family	high	zero	3	instances/data/n100-set03/family/high-heterogeneous/zero/m3.dat	0	0	0	0	0	20.012684589171
n100-set03	family	high	zero	4	instances/data/n100-set03/family/high-heterogeneous/zero/m4.dat	0	0	0	0	0	20.012684589171
n100-set03	family	high	zero	5	instances/data/n100-set03/family/high-heterogeneous/zero/m5.dat	0	0	0	0	0	20.012684589171
n100-set03	family	high	narrow	3	instances/data/n100-set03/family/high-heterogeneous/narrow/m3.dat	0	0	0	0	0	20.012684589171
n100-set03	family	high	narrow	4	instances/data/n100-set03/family/high-heterogeneous/narrow/m4.dat	0	0	0	0	0	20.012684589171
n100-set03	family	high	narrow	5	instances/data/n100-set03/family/high-heterogeneous/narrow/m5.dat	0	0	0	0	0	20.012684589171
n100-set03	family	high	wide	3	instances/data/n100-set03/family/high-heterogeneous/wide/m3.dat	0	0	0	0	0	20.012684589171
n100-set03	family	high	wide	4	instances/data/n100-set03/family/high-heterogeneous/wide/m4.dat	0	0	0	0	0	20.012684589171
n100-set03	family	high	wide	5	instances/data/n100-set03/family/high-heterogeneous/wide/m5.dat	0	0	0	0	0	20.012684589171
n100-set04	family	base	zero	3	instances/data/n100-set04/family/base/zero/m3.dat	0	0	0	0	0	1.000000000000
n100-set04	family	base	zero	4	instances/data/n100-set04/family/base/zero/m4.dat	0	0	0	0	0	1.000000000000
n100-set04	family	base	zero	5	instances/data/n100-set04/family/base/zero/m5.dat	0	0	0	0	0	1.000000000000
n100-set04	family	base	narrow	3	instances/data/n100-set04/family/base/narrow/m3.dat	0	0	0	0	0	1.000000000000
n100-set04	family	base	narrow	4	instances/data/n100-set04/family/base/narrow/m4.dat	0	0	0	0	0	1.000000000000
n100-set04	family	base	narrow	5	instances/data/n100-set04/family/base/narrow/m5.dat	0	0	0	0	0	1.000000000000
n100-set04	family	base	wide	3	instances/data/n100-set04/family/base/wide/m3.dat	0	0	0	0	0	1.000000000000
n100-set04	family	base	wide	4	instances/data/n100-set04/family/base/wide/m4.dat	0	0	0	0	0	1.000000000000
n100-set04	family	base	wide	5	instances/data/n100-set04/family/base/wide/m5.dat	0	0	0	0	0	1.000000000000
n100-set04	family	medium	zero	3	instances/data/n100-set04/family/medium-heterogeneous/zero/m3.dat	0	0	0	0	0	9.828143476547
n100-set04	family	medium	zero	4	instances/data/n100-set04/family/medium-heterogeneous/zero/m4.dat	0	0	0	0	0	9.828143476547
n100-set04	family	medium	zero	5	instances/data/n100-set04/family/medium-heterogeneous/zero/m5.dat	0	0	0	0	0	9.828143476547
n100-set04	family	medium	narrow	3	instances/data/n100-set04/family/medium-heterogeneous/narrow/m3.dat	0	0	0	0	0	9.828143476547
n100-set04	family	medium	narrow	4	instances/data/n100-set04/family/medium-heterogeneous/narrow/m4.dat	0	0	0	0	0	9.828143476547
n100-set04	family	medium	narrow	5	instances/data/n100-set04/family/medium-heterogeneous/narrow/m5.dat	0	0	0	0	0	9.828143476547
n100-set04	family	medium	wide	3	instances/data/n100-set04/family/medium-heterogeneous/wide/m3.dat	0	0	0	0	0	9.828143476547
n100-set04	family	medium	wide	4	instances/data/n100-set04/family/medium-heterogeneous/wide/m4.dat	0	0	0	0	0	9.828143476547
n100-set04	family	medium	wide	5	instances/data/n100-set04/family/medium-heterogeneous/wide/m5.dat	0	0	0	0	0	9.828143476547
n100-set04	family	high	zero	3	instances/data/n100-set04/family/high-heterogeneous/zero/m3.dat	0	0	0	0	0	20.407173827355
n100-set04	family	high	zero	4	instances/data/n100-set04/family/high-heterogeneous/zero/m4.dat	0	0	0	0	0	20.407173827355
n100-set04	family	high	zero	5	instances/data/n100-set04/family/high-heterogeneous/zero/m5.dat	0	0	0	0	0	20.407173827355
n100-set04	family	high	narrow	3	instances/data/n100-set04/family/high-heterogeneous/narrow/m3.dat	0	0	0	0	0	20.407173827355
n100-set04	family	high	narrow	4	instances/data/n100-set04/family/high-heterogeneous/narrow/m4.dat	0	0	0	0	0	20.407173827355
n100-set04	family	high	narrow	5	instances/data/n100-set04/family/high-heterogeneous/narrow/m5.dat	0	0	0	0	0	20.407173827355
n100-set04	family	high	wide	3	instances/data/n100-set04/family/high-heterogeneous/wide/m3.dat	0	0	0	0	0	20.407173827355
n100-set04	family	high	wide	4	instances/data/n100-set04/family/high-heterogeneous/wide/m4.dat	0	0	0	0	0	20.407173827355
n100-set04	family	high	wide	5	instances/data/n100-set04/family/high-heterogeneous/wide/m5.dat	0	0	0	0	0	20.407173827355
n100-set05	family	base	zero	3	instances/data/n100-set05/family/base/zero/m3.dat	0	0	0	0	0	1.000000000000
n100-set05	family	base	zero	4	instances/data/n100-set05/family/base/zero/m4.dat	0	0	0	0	0	1.000000000000
n100-set05	family	base	zero	5	instances/data/n100-set05/family/base/zero/m5.dat	0	0	0	0	0	1.000000000000
n100-set05	family	base	narrow	3	instances/data/n100-set05/family/base/narrow/m3.dat	0	0	0	0	0	1.000000000000
n100-set05	family	base	narrow	4	instances/data/n100-set05/family/base/narrow/m4.dat	0	0	0	0	0	1.000000000000
n100-set05	family	base	narrow	5	instances/data/n100-set05/family/base/narrow/m5.dat	0	0	0	0	0	1.000000000000
n100-set05	family	base	wide	3	instances/data/n100-set05/family/base/wide/m3.dat	0	0	0	0	0	1.000000000000
n100-set05	family	base	wide	4	instances/data/n100-set05/family/base/wide/m4.dat	0	0	0	0	0	1.000000000000
n100-set05	family	base	wide	5	instances/data/n100-set05/family/base/wide/m5.dat	0	0	0	0	0	1.000000000000
n100-set05	family	medium	zero	3	instances/data/n100-set05/family/medium-heterogeneous/zero/m3.dat	0	0	0	0	0	10.120065490267
n100-set05	family	medium	zero	4	instances/data/n100-set05/family/medium-heterogeneous/zero/m4.dat	0	0	0	0	0	10.120065490267
n100-set05	family	medium	zero	5	instances/data/n100-set05/family/medium-heterogeneous/zero/m5.dat	0	0	0	0	0	10.120065490267
n100-set05	family	medium	narrow	3	instances/data/n100-set05/family/medium-heterogeneous/narrow/m3.dat	0	0	0	0	0	10.120065490267
n100-set05	family	medium	narrow	4	instances/data/n100-set05/family/medium-heterogeneous/narrow/m4.dat	0	0	0	0	0	10.120065490267
n100-set05	family	medium	narrow	5	instances/data/n100-set05/family/medium-heterogeneous/narrow/m5.dat	0	0	0	0	0	10.120065490267
n100-set05	family	medium	wide	3	instances/data/n100-set05/family/medium-heterogeneous/wide/m3.dat	0	0	0	0	0	10.120065490267
n100-set05	family	medium	wide	4	instances/data/n100-set05/family/medium-heterogeneous/wide/m4.dat	0	0	0	0	0	10.120065490267
n100-set05	family	medium	wide	5	instances/data/n100-set05/family/medium-heterogeneous/wide/m5.dat	0	0	0	0	0	10.120065490267
n100-set05	family	high	zero	3	instances/data/n100-set05/family/high-heterogeneous/zero/m3.dat	0	0	0	0	0	20.024740767691
n100-set05	family	high	zero	4	instances/data/n100-set05/family/high-heterogeneous/zero/m4.dat	0	0	0	0	0	20.024740767691
n100-set05	family	high	zero	5	instances/data/n100-set05/family/high-heterogeneous/zero/m5.dat	0	0	0	0	0	20.024740767691
n100-set05	family	high	narrow	3	instances/data/n100-set05/family/high-heterogeneous/narrow/m3.dat	0	0	0	0	0	20.024740767691
n100-set05	family	high	narrow	4	instances/data/n100-set05/family/high-heterogeneous/narrow/m4.dat	0	0	0	0	0	20.024740767691
n100-set05	family	high	narrow	5	instances/data/n100-set05/family/high-heterogeneous/narrow/m5.dat	0	0	0	0	0	20.024740767691
n100-set05	family	high	wide	3	instances/data/n100-set05/family/high-heterogeneous/wide/m3.dat	0	0	0	0	0	20.024740767691
n100-set05	family	high	wide	4	instances/data/n100-set05/family/high-heterogeneous/wide/m4.dat	0	0	0	0	0	20.024740767691
n100-set05	family	high	wide	5	instances/data/n100-set05/family/high-heterogeneous/wide/m5.dat	0	0	0	0	0	20.024740767691
