taskSetId	scaleLevel	windowLevel	minimum	maximum	seed	halfWidths	fingerprint
n050-set01	base	zero	0	0	60360535009581	0,0,0,0,0,0,0,0,0,0,0,0,0,0,0,0,0,0,0,0,0,0,0,0,0,0,0,0,0,0,0,0,0,0,0,0,0,0,0,0,0,0,0,0,0,0,0,0,0,0	84cfbc0f499f8ee4d0c98ebb7b4785f9dbd066c955c4003aa4345e2ff03727dd
n050-set01	base	narrow	80	120	60360333945106	107,84,108,109,105,104,90,111,112,97,87,94,115,119,98,102,93,119,96,120,86,117,97,105,96,106,112,86,92,117,100,100,116,98,89,94,84,120,90,101,82,95,80,96,96,108,109,103,85,99	a5d002d7c170618d97f7106ad637ad7639ba3ae9583af9697ed782626dd23b2d
n050-set01	base	wide	280	320	60360484411171	301,299,286,289,306,290,312,284,285,303,310,284,297,296,300,312,285,286,288,294,317,282,315,283,302,308,312,294,290,296,283,300,318,291,292,295,309,291,300,307,310,304,288,308,280,314,280,311,291,281	368918e20795735060c8bffca5991f7ab92fc798f998cc6c7cc2307237aa6a11
n050-set01	medium	zero	0	0	60358581547465	0,0,0,0,0,0,0,0,0,0,0,0,0,0,0,0,0,0,0,0,0,0,0,0,0,0,0,0,0,0,0,0,0,0,0,0,0,0,0,0,0,0,0,0,0,0,0,0,0,0	84cfbc0f499f8ee4d0c98ebb7b4785f9dbd066c955c4003aa4345e2ff03727dd
n050-set01	medium	narrow	800	1200	60358783136182	956,952,1148,816,1012,1073,1189,897,885,1030,1120,873,831,1112,1175,1000,814,864,1178,956,912,897,921,1069,887,874,1088,816,1067,867,1011,1008,929,1138,858,1155,871,1011,988,945,915,953,906,1032,903,1104,890,998,805,963	c777e93152bd91d0a05475a87df9610e9ab3f159332b284fd5982a10a92c3b83
n050-set01	medium	wide	2800	3200	60358631612351	2842,3078,3199,3014,2831,2892,3122,2841,3005,3198,3109,3085,2914,3185,3088,2931,2903,3123,3153,2948,3046,2937,3192,2820,3049,3008,3152,2971,3079,2968,3096,3175,2998,2862,2887,3173,3039,2845,3197,3155,2886,3189,3174,2948,2906,2809,3018,3068,3016,3164	f25d144a322f4f1864269c3b53606b4c6258352588706308b415457504698835
n050-set01	high	zero	0	0	60360535680124	0,0,0,0,0,0,0,0,0,0,0,0,0,0,0,0,0,0,0,0,0,0,0,0,0,0,0,0,0,0,0,0,0,0,0,0,0,0,0,0,0,0,0,0,0,0,0,0,0,0	84cfbc0f499f8ee4d0c98ebb7b4785f9dbd066c955c4003aa4345e2ff03727dd
n050-set01	high	narrow	1600	2400	60360334091391	1762,1644,2034,1755,1668,2269,2308,1639,2281,2087,2102,1601,1887,2249,1665,2228,1743,2127,2138,1689,2001,1965,1697,2125,2293,1622,2198,2022,2125,1780,2072,2250,1837,2055,1995,1693,1958,2221,1721,1773,1885,1785,1813,2340,1907,2330,2083,1873,2262,2177	1eab2dd87f2d98d2a9c39f98bd0d1b095f0a25da4969a601710af8de4bdb9702
n050-set01	high	wide	5600	6400	60360485613174	6132,6140,6201,5816,6054,6300,6305,6139,6097,6261,6121,6305,5837,6036,5651,6190,5604,5892,5639,6299,6061,5815,6240,5900,6037,6013,6163,6043,5989,5672,5638,5950,6215,5933,6060,6300,6035,5971,6171,5980,5879,6037,6164,5635,5924,6362,5704,6253,5620,5879	32216f24314d1e60997f9ea98d9ce2cbe0f19cf5b2e3929f87e7ba08238772f1
n050-set02	base	zero	0	0	60360535009612	0,0,0,0,0,0,0,0,0,0,0,0,0,0,0,0,0,0,0,0,0,0,0,0,0,0,0,0,0,0,0,0,0,0,0,0,0,0,0,0,0,0,0,0,0,0,0,0,0,0	84cfbc0f499f8ee4d0c98ebb7b4785f9dbd066c955c4003aa4345e2ff03727dd
n050-set02	base	narrow	80	120	60360333945137	103,105,94,103,98,115,95,83,105,87,104,105,91,89,94,107,119,110,100,86,104,80,102,99,87,106,97,107,89,85,82,115,98,106,93,101,109,98,84,102,119,84,101,91,96,85,111,81,108,89	0b357d1b089b0c924c558df5014486e2124255cdae1c2cd41adf3593b6e9672c
n050-set02	base	wide	280	320	60360484411202	307,307,305,307,302,308,308,297,285,298,310,320,291,312,288,317,314,295,312,305,305,292,287,293,312,315,288,299,308,299,285,288,296,320,318,286,294,317,301,313,294,295,286,302,312,313,294,308,315,297	f95a69dd342d991d914579c76ad2b656e4dfb3c9ec85fcbcbc7c64da25f58912
n050-set02	medium	zero	0	0	60358581547496	0,0,0,0,0,0,0,0,0,0,0,0,0,0,0,0,0,0,0,0,0,0,0,0,0,0,0,0,0,0,0,0,0,0,0,0,0,0,0,0,0,0,0,0,0,0,0,0,0,0	84cfbc0f499f8ee4d0c98ebb7b4785f9dbd066c955c4003aa4345e2ff03727dd
n050-set02	medium	narrow	800	1200	60358783136213	1042,902,874,892,819,985,815,1150,1041,822,1070,1015,1029,960,1194,1116,1037,891,867,1176,829,1158,1156,869,1136,1184,1020,1130,869,1073,1011,859,1037,1103,1192,1127,1073,999,1054,865,953,814,1013,972,1178,1028,1067,1036,809,874	80cb4608781533f2b1ae38648dfbe95c16c71cc8ae79ba30623006c5bbe09d0a
n050-set02	medium	wide	2800	3200	60358631612382	2906,2818,3036,2889,2975,3022,2809,2917,3163,2897,3111,3061,2938,3132,2993,2918,3133,2999,2958,3133,2948,2842,2947,3157,3021,2953,3099,2983,3142,3140,3053,2872,2858,3029,2928,3030,3175,2956,2821,3170,2974,2969,2978,3108,2876,3188,2979,3020,3017,2831	f658c91031cfdb6ce9ecf1e8c994d1f2ccd7fbbda9c7d71932345fb666d904bf
n050-set02	high	zero	0	0	60360535680155	0,0,0,0,0,0,0,0,0,0,0,0,0,0,0,0,0,0,0,0,0,0,0,0,0,0,0,0,0,0,0,0,0,0,0,0,0,0,0,0,0,0,0,0,0,0,0,0,0,0	84cfbc0f499f8ee4d0c98ebb7b4785f9dbd066c955c4003aa4345e2ff03727dd
n050-set02	high	narrow	1600	2400	60360334091422	2131,2290,2089,2067,1817,2241,2083,1607,2114,2230,1708,2324,1790,1651,2012,1792,2070,2377,2082,2030,2285,2154,1676,2254,1930,2255,1631,1884,1903,2080,2218,2217,2306,1966,2209,2032,2065,2281,2301,1851,1981,2034,1865,1734,1776,2347,2124,2097,2322,2275	4eedb8bbcf3dd9dd542c39a87c64fbfa3d758d7aeeaf5bc52fd9333393c585d5
n050-set02	high	wide	5600	6400	60360485613205	6209,5788,6289,6100,6340,6240,5727,6077,5936,5983,6176,6239,6217,6172,5632,5694,5798,5992,6092,6317,6183,5871,6227,5900,6048,6245,5954,5814,5649,5695,5954,5786,5908,6079,5732,5958,5694,5998,6400,6150,6087,5760,5878,6196,6060,6074,5754,6295,6238,5872	4f1fa2389e939ee3ca4a5b864a70faa7ff55244e2a22e44928269fbdc5240905
n050-set03	base	zero	0	0	60360535009643	0,0,0,0,0,0,0,0,0,0,0,0,0,0,0,0,0,0,0,0,0,0,0,0,0,0,0,0,0,0,0,0,0,0,0,0,0,0,0,0,0,0,0,0,0,0,0,0,0,0	84cfbc0f499f8ee4d0c98ebb7b4785f9dbd066c955c4003aa4345e2ff03727dd
n050-set03	base	narrow	80	120	60360333945168	109,116,113,81,92,92,88,97,105,80,104,100,85,104,82,110,107,119,83,97,91,88,115,107,97,113,114,111,109,88,85,103,116,94,119,92,94,80,87,107,103,115,101,85,86,84,82,117,89,104	08fe23a96bf27b59e5448fcb8131b25011fe180e50caba021d44bc15d16e9ad9
n050-set03	base	wide	280	320	60360484411233	303,289,291,300,295,319,311,310,319,286,285,290,308,320,283,281,299,285,316,312,282,296,295,285,304,315,314,319,304,308,307,303,318,287,281,295,280,293,297,315,292,284,309,297,311,290,294,284,295,288	3f252e103f7159bf90a801a7a4044c7b3cbe5e57f343e400f8cb11b61e8706f5
n050-set03	medium	zero	0	0	60358581547527	0,0,0,0,0,0,0,0,0,0,0,0,0,0,0,0,0,0,0,0,0,0,0,0,0,0,0,0,0,0,0,0,0,0,0,0,0,0,0,0,0,0,0,0,0,0,0,0,0,0	84cfbc0f499f8ee4d0c98ebb7b4785f9dbd066c955c4003aa4345e2ff03727dd
n050-set03	medium	narrow	800	1200	60358783136244	1106,1044,1185,1168,1036,1187,976,824,1200,995,1072,991,1054,907,1026,1030,866,841,1073,1034,1132,990,838,805,1181,1057,968,1142,932,1172,968,1029,897,1197,832,910,807,1109,1005,881,1041,995,818,1059,1148,1006,1101,988,884,869	6430214a489656da480f6b1517d16f8531d065fc54479f45e8d35b1adfaec4b8
n050-set03	medium	wide	2800	3200	60358631612413	2991,2842,3163,2965,3183,3007,2909,3169,2919,3163,3134,2802,3137,2980,2938,3035,2882,3026,3048,2952,2865,3103,3109,2957,2869,3190,3031,2896,2944,2872,3053,3197,2965,2921,2861,3002,2975,2944,2813,3091,3012,2830,3086,2975,3151,3039,3156,3058,3094,3143	42d32210878fa7355b5d0c05a7d1d6396732d97e8b1fd75f25cb8da915273d8c
n050-set03	high	zero	0	0	60360535680186	0,0,0,0,0,0,0,0,0,0,0,0,0,0,0,0,0,0,0,0,0,0,0,0,0,0,0,0,0,0,0,0,0,0,0,0,0,0,0,0,0,0,0,0,0,0,0,0,0,0	84cfbc0f499f8ee4d0c98ebb7b4785f9dbd066c955c4003aa4345e2ff03727dd
n050-set03	high	narrow	1600	2400	60360334091453	2232,1898,2254,2196,2148,1923,1819,1784,1869,1839,1787,1965,2145,1634,1975,1856,1620,2209,1732,2252,2094,1733,1974,1939,2179,1809,2082,2376,1667,1945,1613,2322,1754,2384,2354,1999,2133,2134,2400,2230,1616,2106,1714,1713,1641,2108,2309,1722,1937,1966	120267561b08389cbcf97e6d2235269c93d5a57379e267bd053e6b99e1cfb5ea
n050-set03	high	wide	5600	6400	60360485613236	6046,6394,5620,5701,6289,6200,5816,6284,5685,6258,5805,5869,6094,5978,5960,5818,6282,5974,6034,6061,6154,6384,6272,5715,5923,5643,6047,6397,6331,5836,5735,6022,6133,6263,5618,5805,5966,5884,6049,6192,5609,6113,6311,5809,5659,5895,5930,5857,6096,5913	ced67998808573332254746a5a7d97cd6483845b3abbb020c3d021619f67e68c
n050-set04	base	zero	0	0	60360535009674	0,0,0,0,0,0,0,0,0,0,0,0,0,0,0,0,0,0,0,0,0,0,0,0,0,0,0,0,0,0,0,0,0,0,0,0,0,0,0,0,0,0,0,0,0,0,0,0,0,0	84cfbc0f499f8ee4d0c98ebb7b4785f9dbd066c955c4003aa4345e2ff03727dd
n050-set04	base	narrow	80	120	60360333945199	87,93,105,86,115,118,109,104,92,83,92,88,84,110,109,119,107,115,83,116,93,102,84,87,108,106,110,108,91,106,104,94,93,90,90,82,119,96,85,91,101,106,93,86,100,87,97,111,105,112	7e08a6d89917380d81ccdb624b3d5ea962080267ad7e7c82c69469f815bf084d
n050-set04	base	wide	280	320	60360484411264	280,281,303,301,290,296,293,300,289,293,295,292,305,307,307,290,307,293,314,319,310,281,301,293,317,316,299,298,298,319,293,297,308,285,311,284,299,295,296,286,296,313,310,293,319,303,309,312,301,310	9fcedf81072a96e02d9dbad3a0a00a538c2c4fadc90e268c83c723295163bb2f
n050-set04	medium	zero	0	0	60358581547558	0,0,0,0,0,0,0,0,0,0,0,0,0,0,0,0,0,0,0,0,0,0,0,0,0,0,0,0,0,0,0,0,0,0,0,0,0,0,0,0,0,0,0,0,0,0,0,0,0,0	84cfbc0f499f8ee4d0c98ebb7b4785f9dbd066c955c4003aa4345e2ff03727dd
n050-set04	medium	narrow	800	1200	60358783136275	808,1072,857,836,1092,1075,964,907,1078,932,864,848,935,1088,893,987,894,838,939,1108,955,1093,1089,1192,1137,1048,1175,1052,1013,1014,987,992,1181,1082,1100,1069,845,1183,1054,1006,984,852,907,1186,1199,853,992,1022,898,1121	f1f69b0cfd2300c3a6d332ff3b180ddc24344c05e5b171c8882fd9221b097058
n050-set04	medium	wide	2800	3200	60358631612444	2805,2980,2993,3020,2965,3171,3200,2898,3047,2803,2848,3023,2828,2940,3078,3147,3029,3043,2885,2977,3155,3126,2862,3161,2802,3050,2851,2924,3067,2927,2849,2872,2810,3166,2811,3140,2966,2909,2919,3188,2879,3116,3149,2918,2957,2811,3196,2948,2998,2817	36d9e178593744363683f1e7f4ce19786cbebbcf682ac8dad291f93dd505092b
n050-set04	high	zero	0	0	60360535680217	0,0,0,0,0,0,0,0,0,0,0,0,0,0,0,0,0,0,0,0,0,0,0,0,0,0,0,0,0,0,0,0,0,0,0,0,0,0,0,0,0,0,0,0,0,0,0,0,0,0	84cfbc0f499f8ee4d0c98ebb7b4785f9dbd066c955c4003aa4345e2ff03727dd
n050-set04	high	narrow	1600	2400	60360334091484	2314,1703,2387,2353,2097,1638,1662,2236,1618,2114,2217,2396,2022,2241,2303,2225,2104,1634,1919,2242,2065,2246,2019,2311,2299,2008,2175,2157,2349,1841,2195,1757,1979,1767,1995,2092,1604,2021,2293,2272,1694,1658,2392,2372,2042,1929,2240,2086,2350,2008	f2f9fc4b69c956d970b4449db2a5a20fe193a5344e45e6dff8b90a6b541e98c8
n050-set04	high	wide	5600	6400	60360485613267	5620,6398,6275,5886,6100,6191,6012,5719,5983,5663,5786,6287,6296,5851,6097,6247,6098,6349,6268,6130,5730,5673,5754,6216,5668,6243,5782,6269,5773,6009,5903,6079,6333,5657,6045,6334,5640,5804,5736,6143,6130,5634,6280,6347,5793,6020,5608,5601,5951,6060	a5e13d002f6614eaf6f164d9746e91b875aa581b0ff26a96ceecb2b714d9be72
n050-set05	base	zero	0	0	60360535009705	0,0,0,0,0,0,0,0,0,0,0,0,0,0,0,0,0,0,0,0,0,0,0,0,0,0,0,0,0,0,0,0,0,0,0,0,0,0,0,0,0,0,0,0,0,0,0,0,0,0	84cfbc0f499f8ee4d0c98ebb7b4785f9dbd066c955c4003aa4345e2ff03727dd
n050-set05	base	narrow	80	120	60360333945230	106,85,117,87,112,93,91,93,103,91,102,89,81,97,92,87,117,81,81,83,80,88,90,95,80,106,97,85,85,117,90,88,84,88,118,111,97,97,83,103,106,92,96,81,108,101,110,98,112,93	4de91685b0538eb037859eced2f99df0d8ec34665615eff6622b622d2debe0fe
n050-set05	base	wide	280	320	60360484411295	293,296,293,302,302,311,280,280,319,290,317,301,285,305,290,291,292,319,320,296,301,298,286,282,317,317,318,317,316,288,319,301,310,313,304,281,289,304,313,320,280,303,312,281,308,299,303,304,292,301	a69a4acabfc24a437307e6ea68b1397b254a6554e07f3d4b154ea20c60bde001
n050-set05	medium	zero	0	0	60358581547589	0,0,0,0,0,0,0,0,0,0,0,0,0,0,0,0,0,0,0,0,0,0,0,0,0,0,0,0,0,0,0,0,0,0,0,0,0,0,0,0,0,0,0,0,0,0,0,0,0,0	84cfbc0f499f8ee4d0c98ebb7b4785f9dbd066c955c4003aa4345e2ff03727dd
n050-set05	medium	narrow	800	1200	60358783136306	872,885,1168,1040,908,876,1051,983,836,1105,866,823,959,1035,1126,901,1124,1188,1145,966,858,999,844,800,1182,921,1123,1063,1076,1186,944,1162,1041,848,812,852,981,893,1078,1021,1071,960,1113,945,1169,832,954,974,973,1115	725a89b4a86c9245defca9dc8cfced08aa79ab9a7060857af0cf23a9b3875683
n050-set05	medium	wide	2800	3200	60358631612475	2848,2912,2941,3096,3117,3116,2947,3199,2880,2956,2828,2831,3007,2985,2869,2931,2938,2841,2806,2801,2970,3003,2939,2906,2971,3033,2813,2962,2990,2992,3165,2888,2896,3133,3033,2881,3036,3069,2829,2824,2944,3143,2979,3153,3024,2918,3087,2815,3070,2895	80c402848bb022e02660f60964cfef025958329f664e3c45eb391792a73f3d00
n050-set05	high	zero	0	0	60360535680248	0,0,0,0,0,0,0,0,0,0,0,0,0,0,0,0,0,0,0,0,0,0,0,0,0,0,0,0,0,0,0,0,0,0,0,0,0,0,0,0,0,0,0,0,0,0,0,0,0,0	84cfbc0f499f8ee4d0c98ebb7b4785f9dbd066c955c4003aa4345e2ff03727dd
n050-set05	high	narrow	1600	2400	60360334091515	1888,2263,2240,1737,1909,1874,2103,1671,1916,1764,2197,2013,2224,1870,1884,1608,1920,1765,2153,2310,1641,2337,2056,2255,2044,1806,1910,2275,1791,2258,2363,2370,2179,1962,1621,1820,2079,2185,1736,2222,2215,1980,2361,1864,2176,1809,2163,2385,2205,2154	ed601cfad2a9ef5f1406adb649eaef33b43a7cb5e537a4a0d8c91e0e0ea1cd45
n050-set05	high	wide	5600	6400	60360485613298	6258,5958,5606,6043,6049,5906,6100,5926,5732,5938,6216,5916,6174,5657,5869,6370,5781,6330,6210,6120,5701,6187,5799,6031,5788,6197,5875,6296,5654,6150,5684,6316,5756,5841,5686,5625,5911,5690,6186,6185,6208,5986,5912,5960,6194,5841,5784,5964,6364,5856	1358e6876e9c0e2aa42cf6f2bce1b78d58f019f29dc8635fd5916bfe1a7ef000
n060-set01	base	zero	0	0	60360535019191	0,0,0,0,0,0,0,0,0,0,0,0,0,0,0,0,0,0,0,0,0,0,0,0,0,0,0,0,0,0,0,0,0,0,0,0,0,0,0,0,0,0,0,0,0,0,0,0,0,0,0,0,0,0,0,0,0,0,0,0	2f23a88c6b5d0be0c83abcacdf71dc0bbecca780b949de9d7684396b04474097
n060-set01	base	narrow	80	120	60360333954716	115,89,91,101,94,103,117,84,111,90,85,91,96,117,108,112,90,116,101,95,104,102,89,107,80,120,89,86,110,113,118,86,108,96,113,118,103,102,92,118,93,92,100,96,102,98,105,112,116,106,119,103,100,97,96,107,96,119,98,102	9584a5f8fc432bdf42cac4fb12286c819f6532e3c2aee8c07834e16b4c36cf47
n060-set01	base	wide	280	320	60360484420781	299,285,298,311,315,301,310,283,319,291,289,283,288,283,301,291,290,286,304,318,282,283,284,301,304,284,316,293,309,312,320,314,289,288,292,316,300,305,292,308,309,303,308,285,317,285,280,303,290,280,310,289,307,316,289,290,314,311,281,307	41c3bba70cfc1fb16f77866e487389f91c53a20c4bacad990cacd77313816c0d
n060-set01	medium	zero	0	0	60358581557075	0,0,0,0,0,0,0,0,0,0,0,0,0,0,0,0,0,0,0,0,0,0,0,0,0,0,0,0,0,0,0,0,0,0,0,0,0,0,0,0,0,0,0,0,0,0,0,0,0,0,0,0,0,0,0,0,0,0,0,0	2f23a88c6b5d0be0c83abcacdf71dc0bbecca780b949de9d7684396b04474097
n060-set01	medium	narrow	800	1200	60358783145792	912,917,1091,913,850,1122,889,1140,915,984,1084,1024,831,1024,881,1043,938,837,881,952,986,889,1013,984,967,967,1169,1040,1064,1120,1106,1100,1018,967,1031,1156,1021,1084,1011,995,1139,1030,1161,854,884,875,944,1024,980,1162,1098,825,1187,1033,1124,896,911,875,1070,1072	7b70229a45c4e18af0a588851042f975d02dcb4ead1d2642e871582396ed5fdc
n060-set01	medium	wide	2800	3200	60358631621961	2888,3017,2938,2969,3133,3033,2858,2955,2958,2835,3046,3032,2879,2975,2952,3073,3153,2891,2942,2860,3099,2893,3108,3090,3157,3006,2933,3011,2978,2926,2925,2826,2873,2851,2923,3185,3149,2860,3163,2872,2938,2813,3027,3061,3140,3035,3005,2864,3077,2941,2929,3038,2802,2857,2962,2856,2822,3007,3124,2887	601df14c9bd7252a1f34e6a5bb7b99c8fea60c4db417a27258c722674ff97cc1
n060-set01	high	zero	0	0	60360535689734	0,0,0,0,0,0,0,0,0,0,0,0,0,0,0,0,0,0,0,0,0,0,0,0,0,0,0,0,0,0,0,0,0,0,0,0,0,0,0,0,0,0,0,0,0,0,0,0,0,0,0,0,0,0,0,0,0,0,0,0	2f23a88c6b5d0be0c83abcacdf71dc0bbecca780b949de9d7684396b04474097
n060-set01	high	narrow	1600	2400	60360334101001	2096,1734,1662,1939,1891,2132,2356,1946,1845,1886,2343,1753,2148,1738,2071,2159,2135,2349,2312,2262,1949,1722,2215,2356,2256,1765,1798,1881,2124,2377,1934,1698,1803,1800,1701,1729,2161,2186,1905,2111,1621,2309,1626,2203,1984,2117,1641,2233,2310,2392,1998,2002,1687,2213,1736,1654,1957,1771,1756,1961	3707bcfa12064c107bc06d512ce72f766ff5bf14be88c62112b7c6fe84d33bf1
n060-set01	high	wide	5600	6400	60360485622784	5911,6230,5829,6000,6277,5608,6353,5645,5661,6060,6362,5657,6098,6081,6056,6120,6242,6113,5813,6071,6254,6373,5957,6131,6000,6156,5763,5902,5987,6268,6056,5643,6181,5679,5765,6336,6238,5936,6355,6074,6170,5760,5977,5743,6246,6149,6063,6367,6225,6094,6095,6150,6142,6025,6092,6339,6202,6330,5941,5961	f9f2e7fecf2e56244211910b9a55cbad815374f793b7c09a00941593db6d2ecb
n060-set02	base	zero	0	0	60360535019222	0,0,0,0,0,0,0,0,0,0,0,0,0,0,0,0,0,0,0,0,0,0,0,0,0,0,0,0,0,0,0,0,0,0,0,0,0,0,0,0,0,0,0,0,0,0,0,0,0,0,0,0,0,0,0,0,0,0,0,0	2f23a88c6b5d0be0c83abcacdf71dc0bbecca780b949de9d7684396b04474097
n060-set02	base	narrow	80	120	60360333954747	89,87,103,105,92,84,101,99,119,89,109,110,105,99,93,115,83,105,104,113,100,117,108,91,106,94,99,116,110,109,101,84,119,107,118,92,89,92,101,87,104,83,119,91,83,120,88,83,99,103,108,109,94,102,108,110,98,105,83,96	9e483790831f6d33fd2d53655655367baf5c8f1f44f74a88ddf6b90ea506f272
n060-set02	base	wide	280	320	60360484420812	305,296,317,289,311,318,303,297,280,286,289,320,282,299,291,294,319,298,287,290,311,293,295,311,312,291,292,298,288,313,281,301,308,317,316,308,285,290,293,313,292,291,306,320,308,284,292,298,311,297,300,295,303,298,310,319,312,314,283,314	8614de8700e2ed32d162c0243f1f2a7bb4f30f6da46047b4cc2710b1f2349438
n060-set02	medium	zero	0	0	60358581557106	0,0,0,0,0,0,0,0,0,0,0,0,0,0,0,0,0,0,0,0,0,0,0,0,0,0,0,0,0,0,0,0,0,0,0,0,0,0,0,0,0,0,0,0,0,0,0,0,0,0,0,0,0,0,0,0,0,0,0,0	2f23a88c6b5d0be0c83abcacdf71dc0bbecca780b949de9d7684396b04474097
n060-set02	medium	narrow	800	1200	60358783145823	1186,1174,948,845,997,947,1046,1084,1127,867,1039,988,1079,910,1040,844,937,849,926,1020,1196,909,932,1127,1140,1068,924,844,853,841,861,1007,1164,800,1019,847,1112,1200,1106,1022,1092,811,827,956,923,918,1148,1154,1177,920,978,996,1117,847,812,933,1151,1036,953,1055	62d5743a628cc77c777f173b688e23f1d0acbfeb844aa056c84309e9d4408c92
n060-set02	medium	wide	2800	3200	60358631621992	2952,3158,3176,2844,2875,3163,2945,3031,3190,3008,2975,3008,2904,2921,2857,2987,2982,3168,3148,3046,3001,3127,2863,3099,2801,2952,2880,3023,2968,3025,2882,2923,2806,2945,2964,3041,2884,2970,3115,2887,3026,2994,2831,3148,3111,3014,3039,2816,3152,3009,3144,3030,3167,2866,2998,2974,2817,2936,2886,3046	db730174a6dac364411e6b32889af0e3c331cf8da456092a7cdb95aa60bc3c8d
n060-set02	high	zero	0	0	60360535689765	0,0,0,0,0,0,0,0,0,0,0,0,0,0,0,0,0,0,0,0,0,0,0,0,0,0,0,0,0,0,0,0,0,0,0,0,0,0,0,0,0,0,0,0,0,0,0,0,0,0,0,0,0,0,0,0,0,0,0,0	2f23a88c6b5d0be0c83abcacdf71dc0bbecca780b949de9d7684396b04474097
n060-set02	high	narrow	1600	2400	60360334101032	1933,2095,1794,2097,2085,1847,1644,2153,2394,1916,1972,1628,2026,2345,1843,1727,1818,1774,2254,2252,2165,1680,2260,2171,2131,1719,1891,1662,2004,1717,1715,2179,2028,1984,2388,1822,1631,2072,1799,2154,1699,1861,2058,2061,2384,1938,1817,1795,1923,1632,1719,2342,2008,1629,1823,1824,1853,2140,2178,1691	e1430709b26f015844b07dd1293a92ca561bef9c0c85291c5dea0d28d368d523
n060-set02	high	wide	5600	6400	60360485622815	5782,6217,5726,6096,5676,5971,5854,6360,5731,6186,6017,6042,5625,6382,6017,5918,6007,5899,5978,6259,5700,5861,5686,5753,6378,6378,5839,5876,5811,5935,5800,6315,5872,5848,5964,5909,6247,6300,6376,6160,5984,6032,6183,5930,5852,6129,5808,5715,5927,6392,6377,5621,5807,6395,5919,6219,6362,6376,6399,6027	3f9c258746ddb08bdb0d7c4e7b261dfd8dbe2e7ec01c179f09c2834ddbebfe20
n060-set03	base	zero	0	0	60360535019253	0,0,0,0,0,0,0,0,0,0,0,0,0,0,0,0,0,0,0,0,0,0,0,0,0,0,0,0,0,0,0,0,0,0,0,0,0,0,0,0,0,0,0,0,0,0,0,0,0,0,0,0,0,0,0,0,0,0,0,0	2f23a88c6b5d0be0c83abcacdf71dc0bbecca780b949de9d7684396b04474097
n060-set03	base	narrow	80	120	60360333954778	95,95,81,83,88,99,94,113,119,84,109,106,99,115,83,120,112,114,87,83,88,86,80,101,114,102,116,119,89,110,103,111,95,97,101,83,116,118,103,92,88,114,116,85,115,119,102,120,80,120,98,115,90,84,89,96,95,108,85,102	0a3a3d05c9a142c2dcac1f4175c542f1cf7a6397effbabb6b8bb53b4848149b3
n060-set03	base	wide	280	320	60360484420843	280,291,289,293,307,297,289,312,288,285,314,298,293,280,314,299,312,287,291,306,307,308,314,295,297,308,300,285,288,306,305,298,319,289,318,282,312,280,302,282,303,282,283,315,289,306,318,313,294,294,289,301,295,305,284,281,313,299,309,306	807610d29cb41611b568a8027901137e8ce846970b2db29f17f4554099cc8d96
n060-set03	medium	zero	0	0	60358581557137	0,0,0,0,0,0,0,0,0,0,0,0,0,0,0,0,0,0,0,0,0,0,0,0,0,0,0,0,0,0,0,0,0,0,0,0,0,0,0,0,0,0,0,0,0,0,0,0,0,0,0,0,0,0,0,0,0,0,0,0	2f23a88c6b5d0be0c83abcacdf71dc0bbecca780b949de9d7684396b04474097
n060-set03	medium	narrow	800	1200	60358783145854	849,914,1186,1121,1141,1076,806,1159,884,1040,1041,964,1104,857,872,831,1167,1199,1131,804,1099,1142,1088,1064,1185,941,871,855,915,940,818,1104,1024,894,1133,1105,847,910,1058,1037,1179,992,1033,1043,894,896,1109,1106,851,914,1120,1061,1082,856,847,977,1072,964,1116,814	7beaabb1fcb5e18a6f43fb0c69bb2ee6c3cc02f4903dc6dcec3158212f738121
n060-set03	medium	wide	2800	3200	60358631622023	2841,2924,2974,3116,3133,3091,3170,2845,3141,2868,3043,2824,3012,3189,3000,2835,3142,3034,2929,3103,2838,3196,2882,3007,3149,2933,2894,2835,3057,2813,2981,3090,3045,3075,3000,3044,2940,2964,3113,2918,2889,2834,2890,2981,2806,3002,2990,2894,2842,3077,3131,3182,2872,2968,3144,3193,3166,2992,2842,3087	bfef3eede41578f27d0c670cf1dbc8e7007f2f93f337f26004426cfd30f81d28
n060-set03	high	zero	0	0	60360535689796	0,0,0,0,0,0,0,0,0,0,0,0,0,0,0,0,0,0,0,0,0,0,0,0,0,0,0,0,0,0,0,0,0,0,0,0,0,0,0,0,0,0,0,0,0,0,0,0,0,0,0,0,0,0,0,0,0,0,0,0	2f23a88c6b5d0be0c83abcacdf71dc0bbecca780b949de9d7684396b04474097
n060-set03	high	narrow	1600	2400	60360334101063	2308,2099,1648,2282,1651,2083,2084,1833,1892,2367,1953,1801,2228,1973,1979,1910,1879,1904,1932,2320,2297,2326,2297,1870,1877,2319,1626,1780,2247,2134,1883,1991,2228,2179,2014,2351,2106,2237,2042,2104,2220,2183,2273,2354,1717,2063,1740,2339,1778,1779,1915,1653,1977,2070,2078,2119,1854,1843,1734,1683	9dae0259344a223c9ba829fade76c1ea15c46a8326bd587b9bba13d91f3b1925
n060-set03	high	wide	5600	6400	60360485622846	5619,6022,5613,6253,5870,5930,5942,6011,6035,6216,5891,5671,6303,6188,6344,6041,5690,5880,5920,6004,5670,5819,5731,6370,6253,5776,5932,5657,5937,5831,6382,5750,5852,6032,5850,5756,5718,6186,6269,6202,6062,5829,5815,6344,6253,5950,5984,6078,6340,6189,5854,5961,5884,6367,6006,6143,6013,5945,6020,5757	b68cae4bbc88d433295876a25dfe26d5f45f62687edab1ec5c61809f52cac77e
n060-set04	base	zero	0	0	60360535019284	0,0,0,0,0,0,0,0,0,0,0,0,0,0,0,0,0,0,0,0,0,0,0,0,0,0,0,0,0,0,0,0,0,0,0,0,0,0,0,0,0,0,0,0,0,0,0,0,0,0,0,0,0,0,0,0,0,0,0,0	2f23a88c6b5d0be0c83abcacdf71dc0bbecca780b949de9d7684396b04474097
n060-set04	base	narrow	80	120	60360333954809	92,116,109,117,120,112,97,84,112,116,83,117,118,82,117,84,95,107,89,90,108,90,87,95,106,102,99,100,86,80,84,87,117,103,107,92,101,94,99,93,86,103,98,80,114,94,105,97,103,110,91,119,87,83,119,110,89,87,102,82	335f6114cb268915add9cb3f923f9b2fbdeb7e912ca0043929ec23c3ed1b7511
n060-set04	base	wide	280	320	60360484420874	298,283,301,292,304,315,312,301,298,292,283,299,290,307,299,308,320,295,290,314,292,293,320,303,310,309,285,305,282,317,291,290,309,287,307,311,290,282,300,294,310,310,286,310,295,319,290,299,301,319,309,305,284,315,282,316,300,286,308,311	d24008b82734b664b882ea6ec280d749b63085f5f7e4b80f06ca45abff6f09a1
n060-set04	medium	zero	0	0	60358581557168	0,0,0,0,0,0,0,0,0,0,0,0,0,0,0,0,0,0,0,0,0,0,0,0,0,0,0,0,0,0,0,0,0,0,0,0,0,0,0,0,0,0,0,0,0,0,0,0,0,0,0,0,0,0,0,0,0,0,0,0	2f23a88c6b5d0be0c83abcacdf71dc0bbecca780b949de9d7684396b04474097
n060-set04	medium	narrow	800	1200	60358783145885	1182,1173,1162,1065,981,898,910,926,1160,1086,1079,1042,1158,1000,841,939,1168,893,1082,855,1037,1194,1192,1099,812,847,855,945,883,1196,1075,1179,956,1020,1136,938,1034,1061,809,1026,1015,994,969,909,1198,1174,1019,954,874,816,1000,990,1065,921,1180,1146,849,989,815,800	43295fdd5d89b76870202efff122f2bc38b428d1e4f08c1c5c31ad6e9c11f8e4
n060-set04	medium	wide	2800	3200	60358631622054	2905,3138,2811,2992,2876,2820,2857,2848,2972,3041,3045,3200,3037,3136,2832,3150,2971,2983,3135,2961,3142,3101,3039,3016,3194,2879,2841,2847,3120,2912,2938,3187,2977,3169,3041,2827,3076,3074,3065,2933,2976,3015,3096,3068,3178,2980,2952,2847,2843,3145,2945,3174,2836,2904,3179,2910,3161,2920,3005,2845	e957c0edff7de8a2d985a5eabd65f064da72c4605b0e4dccbf7087f51b484fa0
n060-set04	high	zero	0	0	60360535689827	0,0,0,0,0,0,0,0,0,0,0,0,0,0,0,0,0,0,0,0,0,0,0,0,0,0,0,0,0,0,0,0,0,0,0,0,0,0,0,0,0,0,0,0,0,0,0,0,0,0,0,0,0,0,0,0,0,0,0,0	2f23a88c6b5d0be0c83abcacdf71dc0bbecca780b949de9d7684396b04474097
n060-set04	high	narrow	1600	2400	60360334101094	2145,1904,1780,1638,1845,1798,2173,2040,2197,2397,2383,2231,2351,1779,2307,2279,2118,1886,1874,2310,2268,2283,2342,1686,1996,1716,1720,2362,2128,2030,1664,1672,1652,2363,1655,2198,2378,2124,1691,2146,2297,1735,1904,2212,2117,1884,1671,1901,2191,2376,1636,1993,2053,2043,2165,2044,2306,2213,2156,2213	8997a3b9fb2e64af5d16fea196a3c226a15b03d505fda770e7676f930df9b7ed
n060-set04	high	wide	5600	6400	60360485622877	5719,6185,5778,6383,6201,6168,5678,6189,5790,5824,5969,6359,5856,6171,6308,6105,6041,5958,6371,6226,6035,6199,5784,5811,5701,6131,6383,6150,5700,5696,5777,5854,6102,5894,5750,5723,6031,6040,6368,6335,5697,5657,5909,5768,6118,6267,6168,6260,5955,5880,5656,5973,6312,5870,6168,5942,6114,5623,5952,6270	cc06de1ce3582827f969f86cf22d9d0dab65f92f3658f9aa511d8b2d7c8b9b63
n060-set05	base	zero	0	0	60360535019315	0,0,0,0,0,0,0,0,0,0,0,0,0,0,0,0,0,0,0,0,0,0,0,0,0,0,0,0,0,0,0,0,0,0,0,0,0,0,0,0,0,0,0,0,0,0,0,0,0,0,0,0,0,0,0,0,0,0,0,0	2f23a88c6b5d0be0c83abcacdf71dc0bbecca780b949de9d7684396b04474097
n060-set05	base	narrow	80	120	60360333954840	110,110,120,118,117,88,120,115,82,82,95,118,113,110,100,92,105,114,87,98,93,117,92,103,119,103,86,118,119,89,111,120,107,104,94,80,120,96,97,105,93,91,99,117,81,107,117,84,107,92,111,82,115,95,117,105,117,114,101,89	0398a3f1bc75873140701e726a207b9fe6c9c0666d73ae2a290c1a4997a29c74
n060-set05	base	wide	280	320	60360484420905	295,306,287,286,297,285,315,314,290,283,299,310,307,315,293,313,305,285,293,280,312,297,286,297,302,308,312,284,319,288,313,307,291,295,311,320,316,300,296,295,306,300,307,306,294,294,290,316,281,309,302,309,281,314,310,289,294,305,284,291	832b5c1cdceafa65e4bba90c1c50ce9d9f77ebb019e199a096170e64e6f3f329
n060-set05	medium	zero	0	0	60358581557199	0,0,0,0,0,0,0,0,0,0,0,0,0,0,0,0,0,0,0,0,0,0,0,0,0,0,0,0,0,0,0,0,0,0,0,0,0,0,0,0,0,0,0,0,0,0,0,0,0,0,0,0,0,0,0,0,0,0,0,0	2f23a88c6b5d0be0c83abcacdf71dc0bbecca780b949de9d7684396b04474097
n060-set05	medium	narrow	800	1200	60358783145916	845,913,999,940,1198,1100,998,1001,991,858,1081,1017,1183,874,1146,853,997,1170,887,1041,940,1100,948,1035,857,1121,802,957,873,967,1032,949,816,1115,849,1122,1170,1171,1162,1041,1103,1175,1101,996,1168,1153,980,906,948,884,814,1055,1102,930,814,1191,1171,917,978,960	35266e9dca2be17a13684d0aa44642b71097c5eec9f26d692bec5e12b616741e
n060-set05	medium	wide	2800	3200	60358631622085	2990,3088,2937,3067,3084,2805,2957,3100,3129,2833,3068,2869,2834,2984,2850,2866,3121,3011,2824,3180,3059,2961,2800,2816,3042,3115,3174,3161,2848,3118,2938,3111,3012,3134,2974,3200,2876,3063,3130,2854,3014,2876,2802,3008,3051,2904,3129,2884,2920,3056,3197,3000,2848,2931,3108,3129,3160,2997,2802,3178	374fc81a3e45ea305a9a5c12c08adfded712746358e7a33d99b6d16a21812e2b
n060-set05	high	zero	0	0	60360535689858	0,0,0,0,0,0,0,0,0,0,0,0,0,0,0,0,0,0,0,0,0,0,0,0,0,0,0,0,0,0,0,0,0,0,0,0,0,0,0,0,0,0,0,0,0,0,0,0,0,0,0,0,0,0,0,0,0,0,0,0	2f23a88c6b5d0be0c83abcacdf71dc0bbecca780b949de9d7684396b04474097
n060-set05	high	narrow	1600	2400	60360334101125	2222,2353,1868,1922,2132,1738,2396,1978,2281,2119,1882,2165,1684,2160,2289,1783,2312,1986,2327,2328,2390,2339,2329,1685,1763,1704,2312,2134,1789,2053,1980,2063,1901,1708,2373,1856,2282,2150,1920,2316,1950,1703,2174,1972,2253,2397,1966,1944,2253,2369,1839,2100,2280,1662,2284,1963,2209,1674,1851,2278	49fea5b4214eadb1f3ed08f6bc57b40f05a75b329fc4ecea59073376d29cc795
n060-set05	high	wide	5600	6400	60360485622908	6357,5991,5910,5984,6150,6127,6323,6395,6340,5854,6399,5988,5734,5977,5835,5673,6280,5939,6313,5971,6251,5911,5829,5626,6377,6085,5675,5931,6382,6393,6359,6090,6326,6078,5636,6372,6303,5926,6262,6378,5775,6255,6341,6182,5718,6087,6345,5822,6369,5922,5933,6313,6388,5842,6255,6111,6010,5993,6373,5999	886593a8b2d6b14a0bdbbaa8a7c041b61b40b38da72ba3b0900ed5b1a994ae79
n080-set01	base	zero	0	0	60360535038411	0,0,0,0,0,0,0,0,0,0,0,0,0,0,0,0,0,0,0,0,0,0,0,0,0,0,0,0,0,0,0,0,0,0,0,0,0,0,0,0,0,0,0,0,0,0,0,0,0,0,0,0,0,0,0,0,0,0,0,0,0,0,0,0,0,0,0,0,0,0,0,0,0,0,0,0,0,0,0,0	51f5f96f231a3373f3ea875be8844de96b5e9488dbb027cd7e1df6c876bc6103
n080-set01	base	narrow	80	120	60360333973936	96,94,107,83,80,94,84,116,113,87,96,120,84,112,120,88,110,110,115,96,90,100,90,88,88,97,118,113,95,81,87,81,93,94,83,116,98,88,115,115,113,117,105,96,102,101,86,95,86,99,83,94,110,87,94,95,96,112,110,116,88,98,96,89,117,106,110,83,100,84,89,115,100,88,114,87,99,111,105,105	05e41985839b07e0c4293dd94a19b31f28ef69593f99888ea22889dbb7b14b2b
n080-set01	base	wide	280	320	60360484440001	283,302,294,307,292,280,297,298,302,312,312,297,307,284,314,307,309,298,301,320,293,284,295,280,307,288,293,284,316,314,317,296,297,285,313,292,318,295,293,301,315,291,309,318,293,300,291,289,295,316,288,306,299,296,320,296,291,282,316,287,291,282,298,320,283,286,297,296,302,281,296,285,303,307,299,315,317,317,315,293	6a82cf90bae9f0bad2272774cf3e6963fb49af29aa0bad216f34743e2e3f38a2
n080-set01	medium	zero	0	0	60358581576295	0,0,0,0,0,0,0,0,0,0,0,0,0,0,0,0,0,0,0,0,0,0,0,0,0,0,0,0,0,0,0,0,0,0,0,0,0,0,0,0,0,0,0,0,0,0,0,0,0,0,0,0,0,0,0,0,0,0,0,0,0,0,0,0,0,0,0,0,0,0,0,0,0,0,0,0,0,0,0,0	51f5f96f231a3373f3ea875be8844de96b5e9488dbb027cd7e1df6c876bc6103
n080-set01	medium	narrow	800	1200	60358783165012	951,896,1081,863,911,869,1155,843,1159,850,854,847,1050,848,1065,1039,999,1068,1143,871,1164,898,849,1045,1056,999,925,864,1133,1014,934,1139,965,1072,1195,817,811,1009,1166,933,914,1174,841,1124,1113,1103,1014,1168,1191,909,832,812,1136,949,1006,1091,967,811,1072,989,859,931,1025,1175,811,949,872,1115,1126,1098,849,1178,1076,1081,1056,876,1173,1032,1105,1049	e5e7895ce6975ab36727549a671f2a7e10fa005265e4200f776deabdc808af1b
n080-set01	medium	wide	2800	3200	60358631641181	2855,2994,3017,2889,2843,3034,3161,2915,3061,2856,3143,3152,3096,3011,3168,3010,2997,2836,2955,2974,2953,3023,2996,3030,3112,3163,2906,3104,2886,3081,3156,3029,2812,2900,2954,2832,3200,3179,3102,2987,2966,3161,3060,2918,2971,3190,2909,2938,3013,3141,2898,3165,2903,3153,2986,3098,3031,2876,3125,3194,2821,2839,2932,3066,2918,2928,3082,2952,3127,3147,3018,3041,2947,3034,3052,3077,2816,2802,2817,2831	51ee1605081645dc1bcf65f0d97c06741406db19d08ad6ae3516f6b3b02e038a
n080-set01	high	zero	0	0	60360535708954	0,0,0,0,0,0,0,0,0,0,0,0,0,0,0,0,0,0,0,0,0,0,0,0,0,0,0,0,0,0,0,0,0,0,0,0,0,0,0,0,0,0,0,0,0,0,0,0,0,0,0,0,0,0,0,0,0,0,0,0,0,0,0,0,0,0,0,0,0,0,0,0,0,0,0,0,0,0,0,0	51f5f96f231a3373f3ea875be8844de96b5e9488dbb027cd7e1df6c876bc6103
n080-set01	high	narrow	1600	2400	60360334120221	1651,1742,2257,2101,1705,1818,1759,1661,2125,2273,1893,1629,1933,2395,2300,2275,1916,1941,2345,2176,2354,1956,1944,2316,2197,2141,2006,1779,1662,2317,2106,1659,2176,2343,1810,2342,2339,2356,2125,1830,1966,2388,2267,1809,2033,2107,2222,1867,2056,2200,2333,1947,2290,2132,2344,2027,1740,2094,1777,1870,2039,1666,1630,2115,2246,2183,2337,2050,2057,2314,2346,2047,2075,2023,1741,1945,2195,2306,1762,2188	d0611ffc4379703ba553e5be8df5d4948133df31ae435b924fcbe327d474c162
n080-set01	high	wide	5600	6400	60360485642004	6021,6238,6178,6162,6091,6094,5757,6161,5941,5646,5912,6333,6127,5937,6286,6237,6022,5705,5846,5985,5857,5805,5687,6092,5941,5976,6216,5800,6326,6209,5672,5604,5753,5665,5875,6148,5616,6106,5773,5792,5960,5839,5818,6150,6051,6138,5843,6002,6215,6147,5874,5850,5699,5945,5899,5911,5985,5853,6208,5869,6251,6324,5895,6045,6305,6314,6038,5695,5733,6081,6011,6211,5706,6138,5953,5604,6105,5653,6279,6042	b9d846216d2dbdf9755caa17f7fd742a24e3bb1f4a47dc9830fb33fc448ce037
n080-set02	base	zero	0	0	60360535038442	0,0,0,0,0,0,0,0,0,0,0,0,0,0,0,0,0,0,0,0,0,0,0,0,0,0,0,0,0,0,0,0,0,0,0,0,0,0,0,0,0,0,0,0,0,0,0,0,0,0,0,0,0,0,0,0,0,0,0,0,0,0,0,0,0,0,0,0,0,0,0,0,0,0,0,0,0,0,0,0	51f5f96f231a3373f3ea875be8844de96b5e9488dbb027cd7e1df6c876bc6103
n080-set02	base	narrow	80	120	60360333973967	115,113,100,88,102,120,105,80,100,91,84,108,85,119,106,96,109,104,117,113,93,114,100,109,99,91,116,109,118,99,106,113,113,89,95,106,120,103,113,97,112,108,97,94,116,104,99,89,100,108,84,95,80,110,89,102,104,114,101,100,91,100,105,89,83,116,89,103,103,104,88,104,103,111,108,108,108,107,100,94	f4bcfba13826aba4c67b746251466b0c8c60a5ffbfb32f53a5c397852877fa09
n080-set02	base	wide	280	320	60360484440032	289,313,315,285,286,297,290,311,304,307,312,292,300,300,304,311,297,307,284,292,281,292,308,288,317,295,310,289,295,315,317,283,314,314,298,284,303,318,294,306,297,282,308,312,284,298,305,284,318,290,281,312,295,319,300,284,289,286,318,294,289,317,298,306,319,314,307,313,308,315,284,319,311,318,319,292,303,281,314,285	34c0eb810ee7c0b643a3d4f608b235d5f5a11b7ed5dc6fe991f29dba7b7c38fd
n080-set02	medium	zero	0	0	60358581576326	0,0,0,0,0,0,0,0,0,0,0,0,0,0,0,0,0,0,0,0,0,0,0,0,0,0,0,0,0,0,0,0,0,0,0,0,0,0,0,0,0,0,0,0,0,0,0,0,0,0,0,0,0,0,0,0,0,0,0,0,0,0,0,0,0,0,0,0,0,0,0,0,0,0,0,0,0,0,0,0	51f5f96f231a3373f3ea875be8844de96b5e9488dbb027cd7e1df6c876bc6103
n080-set02	medium	narrow	800	1200	60358783165043	994,827,1030,866,1136,815,901,1070,991,1003,834,1056,828,893,856,896,907,866,1063,1096,979,849,926,1191,824,982,887,974,983,1153,849,1155,1051,1040,1015,886,881,841,1077,1043,979,873,1144,957,1180,809,832,1035,862,1059,937,1115,1198,1014,1148,1033,884,919,1127,902,866,1101,884,1138,1191,860,988,999,814,801,815,1193,883,1035,1038,1131,988,1072,893,887	7a0ae2eb61d328fb404b84ac8df8e8548576fe03f1315802bebf3d4f4f50f028
n080-set02	medium	wide	2800	3200	60358631641212	2919,3135,2855,3165,2987,2835,2920,2917,2819,3029,3145,3127,3121,2958,3073,2924,2826,3186,3161,2832,3184,2928,3152,3039,3156,3036,2853,3116,2949,2852,3113,3199,3073,2994,2994,3089,2934,2889,3127,3003,2981,2940,2865,3005,2941,3168,2943,2891,3088,2808,3040,2829,2940,3162,3022,2815,3026,3132,2887,2953,3073,3187,2924,2806,3044,2979,3161,3171,2960,2816,2831,2856,2892,2821,2802,2947,3147,2871,3058,3126	4b7ed373ce73c3946d966195f7910e89dfd36bd6d18b85ecfab5d491b8684a3b
n080-set02	high	zero	0	0	60360535708985	0,0,0,0,0,0,0,0,0,0,0,0,0,0,0,0,0,0,0,0,0,0,0,0,0,0,0,0,0,0,0,0,0,0,0,0,0,0,0,0,0,0,0,0,0,0,0,0,0,0,0,0,0,0,0,0,0,0,0,0,0,0,0,0,0,0,0,0,0,0,0,0,0,0,0,0,0,0,0,0	51f5f96f231a3373f3ea875be8844de96b5e9488dbb027cd7e1df6c876bc6103
n080-set02	high	narrow	1600	2400	60360334120252	2289,2103,2144,2259,1899,1777,1603,2113,1629,2303,2323,2059,2055,2201,1827,2399,2400,1922,2287,2166,2324,1668,1989,1887,2317,2340,2099,2361,2344,1657,1887,2140,2400,1971,2252,2190,1810,2242,2018,1872,2044,1940,1899,1667,1632,1927,2398,2230,1668,2241,2054,2287,2366,2349,1630,2197,2192,1663,2199,1600,2265,2336,2095,1781,2317,1774,2004,1999,1996,1764,2355,2367,2227,1952,1874,2152,1727,1757,2045,1907	b22847e1e5535e81e8d63be5cf583c03cad0fdfbfffbc7f690c935ad381e4ed2
n080-set02	high	wide	5600	6400	60360485642035	6396,5996,6277,5791,5657,6086,5952,6397,6240,6097,5892,5705,6329,6367,5621,5620,5838,5836,6079,6299,5989,5896,5724,6036,5687,5774,5707,5917,5768,5825,5840,6218,5953,5615,6057,5876,5846,6025,6017,5743,5680,5915,6033,5641,6185,6019,5766,5746,6070,6293,6315,5963,5913,5830,5910,6207,5986,6357,5764,5862,5698,6382,5779,6175,5862,6157,6214,5667,5694,5626,5945,6356,6063,5658,6396,5831,6092,5987,6022,6142	165fa5d02a7b1ff30bf645d92e69474e7a286245e6732d56591e31b57c84f110
n080-set03	base	zero	0	0	60360535038473	0,0,0,0,0,0,0,0,0,0,0,0,0,0,0,0,0,0,0,0,0,0,0,0,0,0,0,0,0,0,0,0,0,0,0,0,0,0,0,0,0,0,0,0,0,0,0,0,0,0,0,0,0,0,0,0,0,0,0,0,0,0,0,0,0,0,0,0,0,0,0,0,0,0,0,0,0,0,0,0	51f5f96f231a3373f3ea875be8844de96b5e9488dbb027cd7e1df6c876bc6103
n080-set03	base	narrow	80	120	60360333973998	80,83,80,107,98,97,98,94,100,83,84,104,120,92,94,101,97,115,100,85,120,81,113,117,109,98,92,114,97,102,108,98,88,119,80,95,106,88,116,102,94,98,97,88,106,103,113,84,83,81,117,101,115,92,111,89,102,117,103,106,89,92,106,114,120,103,97,120,108,100,115,95,111,120,87,85,96,112,99,85	4ec4b4e1f6aa48b6c04cca3022893002812253ab64ab945f3c78695baf0de03b
n080-set03	base	wide	280	320	60360484440063	302,285,305,286,300,313,319,291,293,302,291,303,280,298,286,310,282,292,290,307,313,309,296,318,318,296,288,310,313,283,302,287,316,301,291,283,293,286,314,301,281,312,310,300,314,297,299,317,309,280,298,281,312,307,288,282,285,295,297,296,287,318,296,288,281,293,281,299,308,312,309,316,305,282,308,294,308,311,282,309	752334c7348bb2ad596c1cf359ff00049027ab63b2455c1ba74bc884e1d4a367
n080-set03	medium	zero	0	0	60358581576357	0,0,0,0,0,0,0,0,0,0,0,0,0,0,0,0,0,0,0,0,0,0,0,0,0,0,0,0,0,0,0,0,0,0,0,0,0,0,0,0,0,0,0,0,0,0,0,0,0,0,0,0,0,0,0,0,0,0,0,0,0,0,0,0,0,0,0,0,0,0,0,0,0,0,0,0,0,0,0,0	51f5f96f231a3373f3ea875be8844de96b5e9488dbb027cd7e1df6c876bc6103
n080-set03	medium	narrow	800	1200	60358783165074	904,876,1117,1011,911,927,1066,1060,941,956,923,1039,1110,1062,1113,801,988,810,1129,1114,904,873,1024,962,1049,852,886,1089,811,901,990,1002,1136,894,1199,1004,1076,1114,1116,1053,864,1195,1105,1043,1180,1069,999,1198,955,1044,1034,955,805,1061,1187,1027,910,1196,1119,1116,1098,827,1041,847,1145,1128,804,942,816,1147,1117,850,1069,1148,849,806,924,1189,960,864	dfb0b6d9c4b0742f9be471ca5b9c8feac3b9ad0e70cb630bda93962f06e7c84b
n080-set03	medium	wide	2800	3200	60358631641243	2808,2901,3054,3037,2843,3092,3073,3132,2843,2889,2812,2943,3156,2824,2815,3173,2914,3052,2942,2816,3020,2998,3172,2947,3104,3017,2940,2928,3038,2967,2811,2892,2984,3050,2958,3092,3064,2883,3125,3107,2843,3182,2924,2838,2965,3156,2894,2969,3179,2876,3101,2907,2973,2864,3168,3034,2974,2860,2844,2920,3060,3136,2948,3066,3179,3106,3014,3180,2818,3196,2886,3115,3013,3101,2845,3080,2968,2958,3074,3048	1a8cf64349516a10b8c87e797ce2e2983a13fd8c10c99018c3d2ae36617fb50b
n080-set03	high	zero	0	0	60360535709016	0,0,0,0,0,0,0,0,0,0,0,0,0,0,0,0,0,0,0,0,0,0,0,0,0,0,0,0,0,0,0,0,0,0,0,0,0,0,0,0,0,0,0,0,0,0,0,0,0,0,0,0,0,0,0,0,0,0,0,0,0,0,0,0,0,0,0,0,0,0,0,0,0,0,0,0,0,0,0,0	51f5f96f231a3373f3ea875be8844de96b5e9488dbb027cd7e1df6c876bc6103
n080-set03	high	narrow	1600	2400	60360334120283	1863,2106,2242,1642,2266,1769,2044,2349,1927,1953,2304,2232,2257,1829,1964,2027,2215,2052,1719,2234,1900,1758,2271,1831,2063,2139,1835,1678,1786,1829,2055,1952,1799,1921,1878,1917,2285,1606,2262,2378,1764,2262,2113,1959,1766,1808,2076,1729,2324,2388,1694,2399,2335,1990,1885,1692,2193,2167,1755,2393,1712,1838,1734,1911,1875,1617,1934,1971,1712,2111,1734,2267,1782,2273,2316,2379,1714,2091,2344,2007	ee61cd90b3c5abb7c13ea344fede1fd5ab740f7bddbb1c4455be70f21061379d
n080-set03	high	wide	5600	6400	60360485642066	6233,5802,5608,5948,5851,6045,6041,6048,5743,6127,6322,6135,6207,6172,5949,5744,6322,5817,6021,6044,6205,5608,5769,5607,5807,5728,5800,5698,5649,5721,5621,5898,6178,6044,5943,5723,6118,5912,5910,5785,5757,5712,5664,6300,5784,5840,5697,6109,5682,6090,5791,6303,5989,5802,5996,6376,5637,6170,6186,6392,5924,5695,6244,5842,5933,5748,5636,5616,5633,5878,6200,5875,6214,5832,5728,6037,6180,6238,6305,5861	906c7d0174d16bb6e9907b01eaf6dc29001f2c5aa9feaf136ba2b9a36eed2f40
n080-set04	base	zero	0	0	60360535038504	0,0,0,0,0,0,0,0,0,0,0,0,0,0,0,0,0,0,0,0,0,0,0,0,0,0,0,0,0,0,0,0,0,0,0,0,0,0,0,0,0,0,0,0,0,0,0,0,0,0,0,0,0,0,0,0,0,0,0,0,0,0,0,0,0,0,0,0,0,0,0,0,0,0,0,0,0,0,0,0	51f5f96f231a3373f3ea875be8844de96b5e9488dbb027cd7e1df6c876bc6103
n080-set04	base	narrow	80	120	60360333974029	81,113,91,115,88,107,99,96,103,119,105,98,86,105,105,88,101,112,94,106,102,119,100,116,89,120,90,89,87,86,98,96,110,95,117,112,112,94,120,84,107,97,110,80,96,119,113,88,115,92,103,112,95,86,89,81,86,105,90,91,93,119,109,100,101,97,100,109,118,84,96,118,90,102,114,88,84,80,117,103	23be96d7adc4f0df6cd2d9fa01da089831cecaf62f57abea1a50a9fa19544b95
n080-set04	base	wide	280	320	60360484440094	303,284,297,307,309,296,280,283,300,296,320,286,314,309,284,307,296,313,318,302,289,287,302,308,293,288,304,308,288,319,293,280,311,300,319,319,311,292,312,311,307,309,303,310,280,315,313,280,311,307,298,304,285,300,286,284,310,286,296,283,317,300,282,293,312,305,313,320,300,281,286,293,296,316,317,318,314,283,292,311	0a5df0042437f2d08f737433822ce730e99fa688bcd76244f2d6d62735758c6a
n080-set04	medium	zero	0	0	60358581576388	0,0,0,0,0,0,0,0,0,0,0,0,0,0,0,0,0,0,0,0,0,0,0,0,0,0,0,0,0,0,0,0,0,0,0,0,0,0,0,0,0,0,0,0,0,0,0,0,0,0,0,0,0,0,0,0,0,0,0,0,0,0,0,0,0,0,0,0,0,0,0,0,0,0,0,0,0,0,0,0	51f5f96f231a3373f3ea875be8844de96b5e9488dbb027cd7e1df6c876bc6103
n080-set04	medium	narrow	800	1200	60358783165105	990,826,843,1086,1119,839,1093,912,1097,1149,874,1109,908,910,1058,918,1138,837,818,932,820,1134,1187,1162,897,1089,819,1075,1014,1107,990,926,842,859,1132,976,877,1102,1181,973,902,1056,812,910,1054,992,1104,835,959,956,958,1110,818,1015,1115,845,910,945,989,1121,1192,1024,1093,1167,1017,847,991,1023,1196,854,923,1194,1151,913,1168,1093,968,886,926,814	99136ce56bcb5142e7fa50f6f79ac4466a5b2f68f56024c0695385afe17ad379
n080-set04	medium	wide	2800	3200	60358631641274	2872,3115,2891,2912,2987,2893,2832,2807,3002,3062,2814,2919,3181,3172,3121,3087,2816,2928,3148,3075,2923,2903,2927,2956,3149,2963,2888,2940,3028,3139,3169,3062,2843,2816,3071,2948,3199,2920,3077,3122,2931,2962,3129,2925,2935,3135,2855,2994,2852,2944,2842,2972,3010,2873,2802,3152,2969,3116,3007,3080,2910,3083,2867,2880,2977,3085,3165,2998,3052,2864,3100,2929,2957,2961,2923,2950,2898,3027,2914,2941	06f01a6836a0625ac37cb83af6def666fd9443def554317e4803800aefe66ef0
n080-set04	high	zero	0	0	60360535709047	0,0,0,0,0,0,0,0,0,0,0,0,0,0,0,0,0,0,0,0,0,0,0,0,0,0,0,0,0,0,0,0,0,0,0,0,0,0,0,0,0,0,0,0,0,0,0,0,0,0,0,0,0,0,0,0,0,0,0,0,0,0,0,0,0,0,0,0,0,0,0,0,0,0,0,0,0,0,0,0	51f5f96f231a3373f3ea875be8844de96b5e9488dbb027cd7e1df6c876bc6103
n080-set04	high	narrow	1600	2400	60360334120314	1700,1912,2129,1800,1659,2284,2132,1755,1676,1983,1933,1862,2135,1635,1736,2151,1898,2279,1661,2224,1871,1716,2317,2202,1937,2093,1928,2260,1667,1970,1836,2189,1779,2350,2320,1765,1756,2294,2155,1620,2087,1814,1745,1817,2167,1629,2252,2092,2181,1628,1971,1938,1855,1962,1972,1861,2089,1980,2177,2122,1939,1706,2199,2378,1946,2009,1602,1920,1651,1807,1743,1785,1933,2202,1648,1785,1802,2343,1825,2281	764974c29609e8d9d5ffb46d81a358867bd323b6fab8770eb071694455c8725a
n080-set04	high	wide	5600	6400	60360485642097	6333,6210,5773,6078,6182,6283,5777,6225,6299,5736,5845,6022,5760,6155,5912,5808,5627,5894,5671,6266,5769,5988,6067,5849,6056,6083,5695,6191,6214,6387,5817,5757,6182,5662,5843,5690,5630,5765,6010,5918,6193,6341,5758,6280,5650,5601,5882,6291,6098,5781,6394,6314,5617,6106,6159,6175,5983,5604,6117,6104,6129,5619,6244,5601,5717,5888,6152,5789,6351,6281,6283,6369,6161,6169,5795,6224,6368,6163,6327,6310	67989783194e16667ab42efd4bc3b3550991a4a16beeb07ffb2d9370d0892cd0
n080-set05	base	zero	0	0	60360535038535	0,0,0,0,0,0,0,0,0,0,0,0,0,0,0,0,0,0,0,0,0,0,0,0,0,0,0,0,0,0,0,0,0,0,0,0,0,0,0,0,0,0,0,0,0,0,0,0,0,0,0,0,0,0,0,0,0,0,0,0,0,0,0,0,0,0,0,0,0,0,0,0,0,0,0,0,0,0,0,0	51f5f96f231a3373f3ea875be8844de96b5e9488dbb027cd7e1df6c876bc6103
n080-set05	base	narrow	80	120	60360333974060	87,81,110,93,83,81,92,110,105,112,105,94,120,80,95,93,89,81,118,117,87,88,111,84,99,88,107,93,107,88,100,83,88,85,100,103,98,120,83,89,91,85,110,117,86,118,85,83,98,109,96,118,91,107,111,108,81,109,92,99,91,110,110,84,96,84,108,86,84,80,85,108,98,113,94,106,110,87,116,94	b0fb59fef880d04d5030a80e1ee3279d00e4984d3179ca659b80fbac0777c98f
n080-set05	base	wide	280	320	60360484440125	299,307,283,301,302,309,283,295,293,285,294,296,292,319,320,312,282,303,281,309,309,291,309,302,284,287,289,287,285,287,315,295,293,308,284,287,296,311,308,313,305,298,284,305,320,292,315,299,291,298,291,309,284,301,316,298,301,305,313,303,293,283,302,292,298,285,296,290,287,304,311,302,292,281,303,302,281,283,309,308	607888582c5996bbc5c33c2c53639be2ba115e8cdf687d89d83a5358b1bc99fc
n080-set05	medium	zero	0	0	60358581576419	0,0,0,0,0,0,0,0,0,0,0,0,0,0,0,0,0,0,0,0,0,0,0,0,0,0,0,0,0,0,0,0,0,0,0,0,0,0,0,0,0,0,0,0,0,0,0,0,0,0,0,0,0,0,0,0,0,0,0,0,0,0,0,0,0,0,0,0,0,0,0,0,0,0,0,0,0,0,0,0	51f5f96f231a3373f3ea875be8844de96b5e9488dbb027cd7e1df6c876bc6103
n080-set05	medium	narrow	800	1200	60358783165136	1054,1040,1081,961,935,1041,1181,988,928,921,876,1084,932,857,963,905,967,1188,1024,1191,1124,1040,942,1099,869,1035,1167,1014,1077,805,947,1023,1103,953,1173,832,1012,811,1133,989,990,836,1017,1070,1024,971,1138,1188,1034,1024,1100,1175,1183,1024,1151,890,904,801,1079,806,1042,971,1011,981,1143,825,1143,841,1102,997,809,935,1095,1101,918,963,897,954,1167,1108	2609b863260afe25c6556cd7d207f081741c8f060c4b46e583f9bcb2228e9150
n080-set05	medium	wide	2800	3200	60358631641305	2957,3065,3017,2987,3195,2805,2859,3060,3159,2927,2838,2989,3051,3020,3066,2803,2966,2955,2837,2893,2840,3164,3089,3157,2997,3199,3148,2853,2829,2871,3169,2986,2951,3109,3005,2847,3000,2982,3142,3043,3042,3150,2836,2865,2809,3058,3033,2959,2856,2855,3167,3127,2949,2827,3132,2971,2969,2865,2804,3012,3005,2879,2918,3200,2849,2804,2879,3079,3030,3046,2906,2872,2966,3055,2914,3164,2942,3125,2879,2818	82dfbe19745f05c87275b73f9210ed3f2c400eef4a1b848a847924ba5c7d7c77
n080-set05	high	zero	0	0	60360535709078	0,0,0,0,0,0,0,0,0,0,0,0,0,0,0,0,0,0,0,0,0,0,0,0,0,0,0,0,0,0,0,0,0,0,0,0,0,0,0,0,0,0,0,0,0,0,0,0,0,0,0,0,0,0,0,0,0,0,0,0,0,0,0,0,0,0,0,0,0,0,0,0,0,0,0,0,0,0,0,0	51f5f96f231a3373f3ea875be8844de96b5e9488dbb027cd7e1df6c876bc6103
n080-set05	high	narrow	1600	2400	60360334120345	1776,2360,1661,2084,1946,2224,2356,1693,2317,1705,2234,1795,1714,2016,1718,1655,2092,2379,2114,1997,1994,2327,2304,2202,1949,2325,1719,2032,2128,1994,2397,2024,2273,2250,2237,1668,1659,2320,2139,2034,2296,1782,2015,2133,2302,2387,2302,2379,2244,1621,2174,2044,2082,1826,2092,2336,1746,1998,1872,1942,1733,2391,2059,1660,1980,1610,2214,2049,2344,1806,1916,2267,1878,1802,2142,2203,1644,1642,1707,2097	03af7d4d60a34af49fa893a169487a0f78948d0527cdabab074a78305934ae4e
n080-set05	high	wide	5600	6400	60360485642128	6146,6056,5828,6390,6086,5700,6353,6193,6133,6124,6252,5699,5663,6359,5703,5617,6199,6144,5615,5806,6298,5621,6046,5978,5693,5915,5684,6053,5992,5885,5718,5969,5850,6374,6302,6029,6293,5825,5788,5996,6289,5788,6366,5673,6320,5618,5923,5713,6158,6124,5715,5948,5736,6194,5646,6220,6236,5756,6303,6186,5945,5692,5767,6147,6039,5741,5671,5695,6020,6375,6381,5630,6065,5916,5798,5862,6109,6345,5669,5951	93c8e9ad6f08f085416336808c5f8b4b542fd8f2346f8d803ed6cc072668f536
n100-set01	base	zero	0	0	60360535057631	0,0,0,0,0,0,0,0,0,0,0,0,0,0,0,0,0,0,0,0,0,0,0,0,0,0,0,0,0,0,0,0,0,0,0,0,0,0,0,0,0,0,0,0,0,0,0,0,0,0,0,0,0,0,0,0,0,0,0,0,0,0,0,0,0,0,0,0,0,0,0,0,0,0,0,0,0,0,0,0,0,0,0,0,0,0,0,0,0,0,0,0,0,0,0,0,0,0,0,0	f87c5b2b20cfbc5ad7ba1181933f622e0653eca42b1355b52cd724f289efaa0e
n100-set01	base	narrow	80	120	60360333993156	107,103,105,108,110,117,83,100,83,109,111,115,118,99,101,108,80,118,102,95,119,80,110,99,109,86,87,86,108,92,83,114,87,118,89,89,102,112,106,93,94,81,91,99,92,99,95,98,110,87,109,87,108,94,115,83,93,99,98,91,108,91,88,103,96,93,85,118,84,101,112,88,114,107,94,80,85,85,85,87,110,81,96,115,86,113,98,100,104,83,95,118,116,103,91,92,92,88,118,92	eb976873c0439e634ee12519753291937c9333a3d9cf9c1ce7f9da4e25d4b187
n100-set01	base	wide	280	320	60360484459221	284,295,311,312,320,304,283,316,295,304,308,289,290,299,292,318,306,319,312,317,287,306,280,304,283,301,296,319,301,280,292,312,294,303,289,298,307,310,282,295,292,289,309,319,280,281,289,287,300,284,316,284,282,280,305,298,297,297,311,314,285,292,291,318,294,303,288,307,299,284,303,290,300,304,295,296,288,311,315,299,319,298,309,310,318,289,294,281,282,304,287,304,317,301,286,284,286,280,313,310	f10cbcda2036da2e6ba91163b363eb86ba9b0960aed2db2ab737f013bb78028e
n100-set01	medium	zero	0	0	60358581595515	0,0,0,0,0,0,0,0,0,0,0,0,0,0,0,0,0,0,0,0,0,0,0,0,0,0,0,0,0,0,0,0,0,0,0,0,0,0,0,0,0,0,0,0,0,0,0,0,0,0,0,0,0,0,0,0,0,0,0,0,0,0,0,0,0,0,0,0,0,0,0,0,0,0,0,0,0,0,0,0,0,0,0,0,0,0,0,0,0,0,0,0,0,0,0,0,0,0,0,0	f87c5b2b20cfbc5ad7ba1181933f622e0653eca42b1355b52cd724f289efaa0e
n100-set01	medium	narrow	800	1200	60358783184232	1098,1008,1184,1045,865,952,1128,973,1012,1020,977,995,920,1199,1032,940,811,1200,912,842,989,844,872,1079,955,877,948,986,957,1037,953,1167,958,983,1182,884,910,1073,886,803,931,1191,890,999,863,1146,840,1132,1194,1024,948,1098,1009,1177,988,1175,846,910,1135,1012,999,869,990,1024,1169,907,896,958,1114,1063,947,1096,1191,1114,1191,1011,1152,1001,900,1195,877,869,1196,1187,993,860,972,1006,986,881,1173,915,903,999,1177,831,820,1196,970,960	12b95d22e5c59889440db4ec1c54fa651ddb688c721a502015060275c8b2f998
n100-set01	medium	wide	2800	3200	60358631660401	2832,2958,2956,2927,3047,2923,2817,3089,3148,2830,2913,2982,3035,2802,3174,2855,2901,2853,2848,3116,3100,3038,2934,3134,3087,3160,3049,2920,3123,3159,3089,3021,2866,3077,3110,2850,2845,3200,3079,2920,2871,2858,2947,3062,3020,3168,3121,3166,2814,2863,3192,2845,3045,2802,2842,2876,2832,2954,3090,2814,2905,2996,3109,2875,3160,2853,3147,2810,2826,2877,2886,3104,2983,3167,3077,2974,2937,2940,3105,3006,3014,3134,3121,2810,2885,2880,3041,3049,3031,2880,3155,3052,2823,3136,2855,2909,3055,3079,2891,3051	ca2d6119a1111fc14b28fd40b01c24bd7cc3ebe277573de4db675e8bb6d181ba
n100-set01	high	zero	0	0	60360535728174	0,0,0,0,0,0,0,0,0,0,0,0,0,0,0,0,0,0,0,0,0,0,0,0,0,0,0,0,0,0,0,0,0,0,0,0,0,0,0,0,0,0,0,0,0,0,0,0,0,0,0,0,0,0,0,0,0,0,0,0,0,0,0,0,0,0,0,0,0,0,0,0,0,0,0,0,0,0,0,0,0,0,0,0,0,0,0,0,0,0,0,0,0,0,0,0,0,0,0,0	f87c5b2b20cfbc5ad7ba1181933f622e0653eca42b1355b52cd724f289efaa0e
n100-set01	high	narrow	1600	2400	60360334139441	2044,1685,1954,1892,1856,1788,1987,2367,1689,1910,1617,1731,1808,1905,2138,1674,2307,1716,2385,1704,2272,2241,2133,2015,1677,2359,1897,2373,1780,2167,2376,2361,1747,2207,2078,1985,2145,1843,1608,2209,2195,1982,2226,1753,2353,2237,2158,1648,2301,1681,2108,2021,2249,2218,1707,1762,2135,2072,1785,2112,2107,2202,1680,2285,2121,1642,1910,1825,1644,1755,2316,1692,2384,2396,2149,2386,2102,1844,1639,2006,1638,1655,1641,1606,1924,1847,2132,1868,2091,1704,1739,2200,2068,2076,1902,2134,2289,1900,1655,2276	1c51a23590e45ced586b1dd410985034866aca29ceb8807a9871838be696b5e2
n100-set01	high	wide	5600	6400	60360485661224	6362,6199,6323,6287,6164,5693,6123,6143,5733,5607,5961,5667,5877,5820,6299,6267,6218,5825,5956,5639,5906,5892,6184,6114,6391,6325,5767,6292,5817,5763,6367,6248,5833,6111,6372,6191,5642,5950,5724,6036,6095,6038,5785,6199,6343,5613,5713,5622,6057,6277,6363,6010,5650,6102,6246,6062,5665,6288,6114,6282,6078,6326,6277,5783,6040,5980,6108,6277,6194,6057,6331,5896,5671,5708,5660,5707,6079,5777,6097,5900,5928,5762,5675,5806,5888,6339,6008,6107,6333,6293,5974,5870,5987,5876,5883,6013,6395,6299,6387,5802	3377970b8955401ebb78004807c1f788bbb62063352992138368d9848f290442
n100-set02	base	zero	0	0	60360535057662	0,0,0,0,0,0,0,0,0,0,0,0,0,0,0,0,0,0,0,0,0,0,0,0,0,0,0,0,0,0,0,0,0,0,0,0,0,0,0,0,0,0,0,0,0,0,0,0,0,0,0,0,0,0,0,0,0,0,0,0,0,0,0,0,0,0,0,0,0,0,0,0,0,0,0,0,0,0,0,0,0,0,0,0,0,0,0,0,0,0,0,0,0,0,0,0,0,0,0,0	f87c5b2b20cfbc5ad7ba1181933f622e0653eca42b1355b52cd724f289efaa0e
n100-set02	base	narrow	80	120	60360333993187	82,98,118,110,106,96,108,116,91,108,97,93,86,81,85,110,113,108,106,113,115,94,88,82,94,103,95,114,108,85,107,111,98,90,93,104,88,103,114,101,105,111,110,94,114,81,119,111,93,86,98,93,101,98,89,85,95,84,83,83,87,94,112,114,101,89,83,101,107,111,103,102,92,81,108,91,93,97,108,112,83,112,110,94,119,91,111,89,96,90,119,93,103,81,101,114,82,103,97,100	f2dcc0433c10f0da2072903cfd9ab55f06daeccc30b01b6600dc0cb7d6a987d6
n100-set02	base	wide	280	320	60360484459252	290,304,289,290,316,280,318,289,297,296,308,284,284,315,282,282,294,289,292,289,315,314,293,312,291,308,313,282,280,283,294,299,311,291,313,290,292,294,284,300,317,320,308,315,311,280,303,283,283,299,308,288,319,301,285,286,295,298,313,281,283,284,291,304,289,289,296,284,304,280,289,283,307,315,315,315,317,316,316,290,302,286,304,310,309,287,299,305,280,280,309,287,283,305,301,301,315,320,283,284	5ac7cd2f5ccee98129ec610eb7f561caffe1864b069f7acdbf54e626e2f0ae1a
n100-set02	medium	zero	0	0	60358581595546	0,0,0,0,0,0,0,0,0,0,0,0,0,0,0,0,0,0,0,0,0,0,0,0,0,0,0,0,0,0,0,0,0,0,0,0,0,0,0,0,0,0,0,0,0,0,0,0,0,0,0,0,0,0,0,0,0,0,0,0,0,0,0,0,0,0,0,0,0,0,0,0,0,0,0,0,0,0,0,0,0,0,0,0,0,0,0,0,0,0,0,0,0,0,0,0,0,0,0,0	f87c5b2b20cfbc5ad7ba1181933f622e0653eca42b1355b52cd724f289efaa0e
n100-set02	medium	narrow	800	1200	60358783184263	987,1175,982,916,1050,807,953,1115,963,880,1045,811,1029,1065,847,1116,972,1066,1093,826,826,913,891,1059,902,858,962,871,1046,824,1052,859,868,1113,817,887,966,1067,885,907,1122,1031,949,832,887,805,1192,809,884,1092,1008,1177,1042,878,1134,1066,867,966,1092,1052,1060,1146,1014,883,903,1034,1151,966,971,969,1001,1027,839,993,834,1072,973,1015,842,1190,1061,895,813,977,1126,972,979,834,870,1072,935,1179,845,1064,866,1123,1193,1170,1011,1066	5294a629b9b8596fd28daae8f13198f44f4ce21244f04c8f7ea9546e959f251a
n100-set02	medium	wide	2800	3200	60358631660432	3143,2933,3043,3072,2822,2962,2982,3080,3097,3184,2929,2966,2916,2971,3030,3161,2909,3198,2914,3134,3024,3135,2959,2832,2911,3030,3121,3108,2951,2981,2829,2868,2951,3005,2965,2968,3040,2999,3119,2930,3085,2852,2908,3075,3020,3100,2814,2928,2908,2848,2961,3085,3053,2850,2881,2869,2932,2831,3082,3027,3136,3123,2865,2985,3040,3121,3036,3154,2829,2822,3188,3163,3169,2952,2888,3050,2873,2983,3173,2983,3176,2871,2856,3025,3097,2897,2877,3098,3130,2953,3175,2857,2904,3006,2808,2813,3058,2899,3004,3134	90df7edf14e1422ec223dbac8fe3729e25dc5d69040d0a922373c763806a73bc
n100-set02	high	zero	0	0	60360535728205	0,0,0,0,0,0,0,0,0,0,0,0,0,0,0,0,0,0,0,0,0,0,0,0,0,0,0,0,0,0,0,0,0,0,0,0,0,0,0,0,0,0,0,0,0,0,0,0,0,0,0,0,0,0,0,0,0,0,0,0,0,0,0,0,0,0,0,0,0,0,0,0,0,0,0,0,0,0,0,0,0,0,0,0,0,0,0,0,0,0,0,0,0,0,0,0,0,0,0,0	f87c5b2b20cfbc5ad7ba1181933f622e0653eca42b1355b52cd724f289efaa0e
n100-set02	high	narrow	1600	2400	60360334139472	1881,2291,2086,2050,2050,1747,2075,1773,1994,1939,2047,2162,1686,1710,1665,1797,1990,1698,2327,2250,2242,1953,1622,2387,2353,2313,1990,2155,1661,2063,2158,1796,1972,2391,1964,2077,1616,1730,2302,2251,2273,1779,1858,2167,1952,2058,2090,2011,2158,1723,2385,1805,1769,2190,1793,1931,1786,1640,2207,2087,2333,2071,2145,1951,2192,2034,2133,1774,2139,2252,1769,1766,1735,1769,2282,1792,2189,2096,1922,1725,1802,1845,1612,1657,1732,2400,2311,2083,2349,1747,2005,1834,1810,1995,1606,2373,1989,2348,2171,2324	5d6cedc21e617b343048b2954b66d1bf68f498b226b7884e465ae3b5586b097b
n100-set02	high	wide	5600	6400	60360485661255	5936,5957,6176,5671,5975,5684,5763,6379,6032,6058,5941,6085,6079,6249,5634,5650,6034,5956,6189,5707,6283,5982,5665,5813,6136,6124,6303,5608,5815,6180,5733,6060,6033,6061,5998,5918,6117,6114,5968,5742,5814,6115,6000,5690,5676,5738,5636,6167,5912,5868,6003,5878,5619,5988,5701,6357,5666,5992,6226,6029,6326,6384,6161,5913,6398,6068,6038,6248,6154,5602,6266,6041,6027,6029,5858,5934,6066,6111,5839,6000,5641,6100,6354,5838,5687,6117,5773,5725,6306,6000,6176,6239,6165,6203,5805,5995,5841,6335,6077,5907	ffbbbe8209fff582adba50c270e6197303f1c8378df528c2bdc3509f8ac8a8f6
n100-set03	base	zero	0	0	60360535057693	0,0,0,0,0,0,0,0,0,0,0,0,0,0,0,0,0,0,0,0,0,0,0,0,0,0,0,0,0,0,0,0,0,0,0,0,0,0,0,0,0,0,0,0,0,0,0,0,0,0,0,0,0,0,0,0,0,0,0,0,0,0,0,0,0,0,0,0,0,0,0,0,0,0,0,0,0,0,0,0,0,0,0,0,0,0,0,0,0,0,0,0,0,0,0,0,0,0,0,0	f87c5b2b20cfbc5ad7ba1181933f622e0653eca42b1355b52cd724f289efaa0e
n100-set03	base	narrow	80	120	60360333993218	100,92,88,110,103,114,90,105,103,115,107,95,83,109,110,80,82,115,105,80,103,120,92,90,107,104,80,93,102,96,93,105,89,89,80,93,107,105,113,113,109,99,111,89,81,94,93,98,100,108,118,97,88,109,85,80,81,111,80,88,104,85,106,116,111,114,113,112,105,91,119,89,104,99,114,117,100,112,81,84,96,81,93,91,103,110,101,100,101,115,117,120,112,104,114,80,95,97,99,105	e9780320d5e465268c27199991a309e7fd9962e54820ec277d9658b20eda4087
n100-set03	base	wide	280	320	60360484459283	318,284,292,315,313,301,290,320,315,310,304,310,296,309,301,291,308,316,312,302,311,306,306,295,281,317,289,285,295,284,300,303,295,315,319,301,312,302,289,315,310,307,287,309,310,314,287,287,288,306,284,293,304,294,315,295,285,309,295,313,281,286,307,290,311,280,313,301,319,315,310,292,292,296,313,292,303,297,311,295,306,300,306,287,292,284,298,281,319,295,308,306,316,300,310,311,290,289,296,282	4d979abf45b337117cf00fdd00b14bd0da72c23b1dd89fa3066acbc9cc124ed7
n100-set03	medium	zero	0	0	60358581595577	0,0,0,0,0,0,0,0,0,0,0,0,0,0,0,0,0,0,0,0,0,0,0,0,0,0,0,0,0,0,0,0,0,0,0,0,0,0,0,0,0,0,0,0,0,0,0,0,0,0,0,0,0,0,0,0,0,0,0,0,0,0,0,0,0,0,0,0,0,0,0,0,0,0,0,0,0,0,0,0,0,0,0,0,0,0,0,0,0,0,0,0,0,0,0,0,0,0,0,0	f87c5b2b20cfbc5ad7ba1181933f622e0653eca42b1355b52cd724f289efaa0e
n100-set03	medium	narrow	800	1200	60358783184294	1051,988,819,1193,866,1010,1040,1191,1122,1053,1047,1188,1053,1012,1080,1103,801,942,898,1085,1130,818,1047,1068,947,1132,909,810,1109,923,1009,1030,801,806,858,1144,1102,1178,909,923,809,811,1154,919,930,1185,1154,1162,959,1159,1150,841,1079,887,1170,1111,1190,895,854,1139,910,1166,1006,1098,1029,1013,828,1186,804,1112,815,1170,1184,853,985,942,902,1084,1156,1010,977,1010,900,970,1147,1002,832,1071,972,1038,1155,900,1112,1138,932,987,1064,1188,838,1175	d7c2f96d3dce1f77e3b50a1cb8c7b170e29fc67df8acf44fd326a02766a647b7
n100-set03	medium	wide	2800	3200	60358631660463	2954,3013,3156,2818,3126,3175,3120,2862,3025,3060,2936,3092,3099,3103,2855,3001,3128,3184,3112,3189,2846,2943,3194,3053,3075,2896,2890,3051,2862,2989,2830,2919,2977,2961,3018,3159,3162,2874,2845,2977,2861,3199,2973,3114,3116,2871,3049,3006,3182,2991,2816,3194,2845,3091,3151,3119,2926,2886,2980,2943,2872,3001,2913,2916,3137,2991,3038,3023,2805,3160,2984,3106,3055,2806,2908,2814,2947,2853,3197,3194,2860,2825,2889,3121,2933,2882,2958,3133,3026,3074,2867,2871,3159,3064,3044,2914,2851,2859,2942,2831	84a67046e1b750bcce305f000d7b08cbe95d578b92f41ed6055b5f310ebbc846
n100-set03	high	zero	0	0	60360535728236	0,0,0,0,0,0,0,0,0,0,0,0,0,0,0,0,0,0,0,0,0,0,0,0,0,0,0,0,0,0,0,0,0,0,0,0,0,0,0,0,0,0,0,0,0,0,0,0,0,0,0,0,0,0,0,0,0,0,0,0,0,0,0,0,0,0,0,0,0,0,0,0,0,0,0,0,0,0,0,0,0,0,0,0,0,0,0,0,0,0,0,0,0,0,0,0,0,0,0,0	f87c5b2b20cfbc5ad7ba1181933f622e0653eca42b1355b52cd724f289efaa0e
n100-set03	high	narrow	1600	2400	60360334139503	1959,2067,2142,1768,1784,2168,1854,2331,1965,1914,2353,1812,2007,1712,2222,2057,1856,1616,2074,1888,1949,1845,1968,1608,2267,1687,2186,2170,2078,1629,1949,1795,1880,1810,2376,2205,2311,2251,1968,1822,1899,1661,2081,2008,1814,2328,2191,2395,2166,1963,2183,2314,2041,2147,2232,1842,1873,1802,1662,1759,2341,2396,2115,1648,1610,2083,2004,1751,2172,2086,2054,1952,1746,1843,1778,1681,1934,2216,2161,1865,2055,1935,1852,2207,1912,1678,1802,2359,2372,2121,1670,1626,2129,1876,2073,2074,1754,1796,2062,1600	3ff338f41afeed5b513d962a338c7e08cd1659cf4f7fc15d232ba56029cde339
n100-set03	high	wide	5600	6400	60360485661286	5773,5762,6308,6074,5924,6200,5851,5785,6337,6088,6371,5715,5956,6055,6207,5774,5717,6182,6131,5697,6253,5695,5711,5628,6256,6078,6396,6191,5941,6321,6316,6296,6258,5689,5639,5766,6389,6001,5861,5784,5892,5667,5632,6349,6076,6360,6368,5729,6325,5665,5724,5662,5695,5960,5787,5726,6118,6361,6092,6003,5751,6253,6380,6380,5669,6215,5706,6198,5848,5854,5719,6361,6178,5958,6236,6141,6399,6363,5877,5719,5806,6290,5769,5889,6050,5869,6196,5695,6007,6043,5640,5628,5908,6121,6310,6234,6097,5983,6349,5955	0d9a1bcacbbeafb74086e50742e8bc1a7c0e04af6446e986fd165bf640a44d28
n100-set04	base	zero	0	0	60360535057724	0,0,0,0,0,0,0,0,0,0,0,0,0,0,0,0,0,0,0,0,0,0,0,0,0,0,0,0,0,0,0,0,0,0,0,0,0,0,0,0,0,0,0,0,0,0,0,0,0,0,0,0,0,0,0,0,0,0,0,0,0,0,0,0,0,0,0,0,0,0,0,0,0,0,0,0,0,0,0,0,0,0,0,0,0,0,0,0,0,0,0,0,0,0,0,0,0,0,0,0	f87c5b2b20cfbc5ad7ba1181933f622e0653eca42b1355b52cd724f289efaa0e
n100-set04	base	narrow	80	120	60360333993249	96,113,114,104,97,84,93,118,96,105,82,105,100,117,105,85,106,106,108,87,80,84,99,84,98,104,106,116,98,107,115,81,113,97,86,101,92,83,107,114,107,88,91,85,81,110,93,116,80,99,111,101,87,109,115,94,114,92,99,108,80,108,85,113,98,91,94,84,92,112,102,97,101,107,101,99,108,112,96,120,90,107,112,113,93,87,97,117,104,99,99,109,95,97,93,95,120,80,97,85	297c65fa6ca809259308a1260fa3dfea397021dfde5f7790037b3c944288f4e8
n100-set04	base	wide	280	320	60360484459314	283,293,313,293,309,318,286,291,317,303,304,305,290,284,291,296,296,286,295,312,297,314,319,304,289,285,306,289,315,288,302,290,312,303,304,291,297,287,291,320,293,298,287,303,300,313,299,282,311,320,318,299,300,317,295,283,282,310,297,319,320,319,310,315,306,310,283,319,284,311,296,284,300,305,292,310,291,304,310,287,288,287,301,288,283,282,303,305,315,312,291,290,320,306,284,289,319,288,305,297	1f9b1e1bf96868987dfe3113d0a585a3f7e6c0b5c23cce43b008dd597a9545ef
n100-set04	medium	zero	0	0	60358581595608	0,0,0,0,0,0,0,0,0,0,0,0,0,0,0,0,0,0,0,0,0,0,0,0,0,0,0,0,0,0,0,0,0,0,0,0,0,0,0,0,0,0,0,0,0,0,0,0,0,0,0,0,0,0,0,0,0,0,0,0,0,0,0,0,0,0,0,0,0,0,0,0,0,0,0,0,0,0,0,0,0,0,0,0,0,0,0,0,0,0,0,0,0,0,0,0,0,0,0,0	f87c5b2b20cfbc5ad7ba1181933f622e0653eca42b1355b52cd724f289efaa0e
n100-set04	medium	narrow	800	1200	60358783184325	1136,938,946,867,1074,922,1140,1042,878,845,997,856,851,860,1098,818,951,969,988,903,1047,1080,881,1196,1196,1041,841,1124,911,1129,1009,881,836,1172,1193,1043,902,1166,902,843,920,1000,861,858,804,1035,930,1200,963,1071,1075,995,1018,841,1025,930,862,971,1052,1070,931,962,1057,1017,974,1133,1015,866,1183,819,1021,1112,865,946,903,828,946,854,1049,960,870,1164,960,916,917,1010,916,1128,960,886,831,965,1116,1018,862,937,1112,906,1140,861	d9748c55ff0b2627d972a6758e86eb729bc34ea9901e5b0deb92a95ad61564ea
n100-set04	medium	wide	2800	3200	60358631660494	3018,3154,2993,3094,2942,2976,2806,2938,3183,3159,2938,3067,3124,3050,3088,2988,3030,3060,2917,3047,3149,3176,2949,3062,3047,2842,2837,3062,2925,3162,3188,3090,2837,3128,3132,3016,2897,2984,3198,2992,2948,2905,3179,2873,3086,2850,3083,2958,2856,2986,2958,2858,2810,3027,3186,2835,2848,2815,3070,3102,3124,3021,2831,3058,2862,2970,3190,2842,3039,2829,3198,2848,3000,3067,3058,3085,2804,2995,3037,3087,3176,2867,2976,3114,3027,2985,2812,2969,3200,3113,3087,2920,2952,3138,3111,2851,3123,2876,3170,2940	ae4c193d68a73f222236ff8314aee97f720bc156de29444cd2855e2d09991669
n100-set04	high	zero	0	0	60360535728267	0,0,0,0,0,0,0,0,0,0,0,0,0,0,0,0,0,0,0,0,0,0,0,0,0,0,0,0,0,0,0,0,0,0,0,0,0,0,0,0,0,0,0,0,0,0,0,0,0,0,0,0,0,0,0,0,0,0,0,0,0,0,0,0,0,0,0,0,0,0,0,0,0,0,0,0,0,0,0,0,0,0,0,0,0,0,0,0,0,0,0,0,0,0,0,0,0,0,0,0	f87c5b2b20cfbc5ad7ba1181933f622e0653eca42b1355b52cd724f289efaa0e
n100-set04	high	narrow	1600	2400	60360334139534	1772,2158,2196,2079,1688,2141,1629,2299,1798,2058,1959,1733,1910,1916,2012,1621,2183,1866,2018,2229,1677,2033,1947,1737,2149,2320,1619,2032,1856,1928,2095,1762,2349,2278,2033,1743,1617,2311,1746,1900,1995,1909,1888,2203,1683,2345,1987,1818,2225,2306,1750,1948,2160,1680,1720,1886,2127,1954,1848,1841,2157,1668,2195,1637,1932,2182,2323,1657,2086,2181,2153,2258,1650,2391,1782,2365,2231,1842,2304,2062,2337,1881,2003,2184,2065,1977,1950,2176,2226,1881,1843,2384,1977,1975,2292,2223,1611,2211,2090,1687	637da7780809fdd8254cd52905a052b0f76692f25b8a125304287ce4306c1049
n100-set04	high	wide	5600	6400	60360485661317	5850,6211,6396,6358,6211,6140,6075,5723,5620,5810,5626,5649,6336,5635,6189,6324,5911,6283,5783,6271,6376,5750,5698,5628,6023,6310,6187,5963,6158,6344,5831,6132,5706,6391,6357,5669,6048,6027,5845,6199,6101,5635,5901,5864,6212,6072,5862,5771,6387,5658,5928,6324,5921,6380,5907,6200,6020,6378,5787,5822,5791,6381,6240,5662,5703,5816,6318,6327,5740,5854,5647,5796,5877,6358,5929,5758,5996,5662,6004,6091,5738,5843,6258,6132,5967,5652,6202,5863,6146,5895,5877,5652,6366,5811,6066,5839,5963,6254,5846,5986	77aca7499c7b0044e9f55349305e05d35e6a5598cfc97cd2348ed3bc0e7821eb
n100-set05	base	zero	0	0	60360535057755	0,0,0,0,0,0,0,0,0,0,0,0,0,0,0,0,0,0,0,0,0,0,0,0,0,0,0,0,0,0,0,0,0,0,0,0,0,0,0,0,0,0,0,0,0,0,0,0,0,0,0,0,0,0,0,0,0,0,0,0,0,0,0,0,0,0,0,0,0,0,0,0,0,0,0,0,0,0,0,0,0,0,0,0,0,0,0,0,0,0,0,0,0,0,0,0,0,0,0,0	f87c5b2b20cfbc5ad7ba1181933f622e0653eca42b1355b52cd724f289efaa0e
n100-set05	base	narrow	80	120	60360333993280	102,82,94,82,93,101,86,91,97,98,82,101,94,92,93,88,94,117,89,98,108,92,112,92,108,111,82,118,118,108,117,107,89,85,110,93,119,106,110,119,91,120,90,120,112,109,107,112,103,113,101,107,81,89,96,80,112,93,99,116,120,102,86,99,93,119,104,100,97,108,89,88,108,116,80,117,96,117,95,112,113,96,107,112,84,83,100,100,102,118,82,93,101,103,108,112,108,80,106,101	5783eecd1c0287e154ad5f68ac7b8ff012f8106531c31657d12549d1067c064a
n100-set05	base	wide	280	320	60360484459345	280,316,299,287,303,288,288,304,308,293,319,316,309,292,285,301,320,317,298,320,317,320,283,297,281,284,291,310,311,297,283,307,295,311,308,300,283,306,287,281,289,288,308,298,300,290,301,300,293,313,309,304,296,316,283,295,317,291,314,299,296,301,289,314,291,288,304,289,312,291,280,292,294,312,320,294,299,302,284,284,282,312,320,308,313,300,298,282,319,298,314,320,303,300,301,301,302,313,301,319	5fa161c10feed6adb7d94f55c4b22d3393153636d0b6331df883d48f6629a995
n100-set05	medium	zero	0	0	60358581595639	0,0,0,0,0,0,0,0,0,0,0,0,0,0,0,0,0,0,0,0,0,0,0,0,0,0,0,0,0,0,0,0,0,0,0,0,0,0,0,0,0,0,0,0,0,0,0,0,0,0,0,0,0,0,0,0,0,0,0,0,0,0,0,0,0,0,0,0,0,0,0,0,0,0,0,0,0,0,0,0,0,0,0,0,0,0,0,0,0,0,0,0,0,0,0,0,0,0,0,0	f87c5b2b20cfbc5ad7ba1181933f622e0653eca42b1355b52cd724f289efaa0e
n100-set05	medium	narrow	800	1200	60358783184356	1200,1080,1184,1143,817,1124,827,1118,1110,1018,999,832,875,807,930,1133,1181,919,1194,1162,949,912,964,804,840,914,1189,1136,900,828,966,1051,1096,865,833,900,1038,875,853,858,1007,1181,1066,945,1175,1014,891,1152,1037,1066,816,1060,1055,850,1061,974,856,900,814,829,1183,909,976,1158,1100,1111,1167,1085,1089,962,907,926,810,806,1054,1098,803,923,889,853,1186,805,974,909,937,1113,1171,891,1134,852,979,1014,909,1092,856,801,983,923,967,970	1bd82897d1f120b3df2f4c1c88a3a40e5a19f83dd1b38aeab53a5f0eed20482c
n100-set05	medium	wide	2800	3200	60358631660525	3104,3178,3120,3169,3150,2888,2906,3190,2939,3024,2888,3137,2921,2898,3106,3105,3180,3088,3007,2865,3066,3036,3184,3190,2896,3078,3170,2976,3127,2894,3188,3014,2944,3094,2993,2915,3025,3046,2862,2913,2986,3167,2885,3141,2959,3101,2859,2996,2933,2970,2882,3012,2822,3054,3041,3055,2921,2891,2940,3034,3145,2817,2883,3050,3135,3090,2903,2923,3018,3011,3004,3191,3082,3161,2976,2898,2848,3093,3002,2964,3069,3021,2963,3060,3125,2993,2895,3026,3189,2888,3164,3058,2956,3018,2968,2802,3170,2995,3144,3027	4821bba4ddbdf2e5d79a57e244c399852c2dc69f0bc75cc27f7b715b94fdeb56
n100-set05	high	zero	0	0	60360535728298	0,0,0,0,0,0,0,0,0,0,0,0,0,0,0,0,0,0,0,0,0,0,0,0,0,0,0,0,0,0,0,0,0,0,0,0,0,0,0,0,0,0,0,0,0,0,0,0,0,0,0,0,0,0,0,0,0,0,0,0,0,0,0,0,0,0,0,0,0,0,0,0,0,0,0,0,0,0,0,0,0,0,0,0,0,0,0,0,0,0,0,0,0,0,0,0,0,0,0,0	f87c5b2b20cfbc5ad7ba1181933f622e0653eca42b1355b52cd724f289efaa0e
n100-set05	high	narrow	1600	2400	60360334139565	1872,2321,2362,2209,2019,1823,2166,1675,2354,1911,2282,2176,2264,1899,1731,1685,1733,1943,1668,1650,2042,1612,2000,2224,2154,1874,2070,1723,1619,1793,2291,1867,2353,2140,1934,1710,1686,2164,1845,2278,1630,1982,1982,2182,2349,1861,1616,2000,1840,1752,2108,1960,1788,1983,1637,1685,2227,1632,1779,2354,1806,2393,1639,2198,1716,2077,2284,1830,2003,1782,2236,1952,1842,2172,1849,2307,1618,1767,2326,1956,1907,1678,2311,1700,1636,2014,1986,1697,2212,2015,2172,2085,2329,1730,2089,1673,1876,1715,1831,1924	0e267f10cbb04fb49f74551b2b5ce0b333bc04f504f6d17a1c9ac41ff59a3329
n100-set05	high	wide	5600	6400	60360485661348	5687,6016,5727,5714,5604,6099,5918,5930,6170,6085,6301,6079,6214,6242,5716,5647,6395,5708,5725,6261,6347,6263,5743,5999,6143,6264,6280,5744,6284,6241,5612,6368,5930,6019,5998,6317,6319,5914,5739,6241,5623,5988,6334,5722,5811,5893,5793,6134,6000,5699,6205,6108,6243,5796,5993,6125,5916,6192,6209,6353,6018,6250,5904,6129,5774,6208,5740,6277,5679,6350,5901,6116,6029,6287,6061,5965,6084,5669,6287,5809,5657,6033,6229,5627,5774,6205,6380,6078,5847,5938,6142,6087,6108,5730,6326,5834,5663,5902,6118,6034	ac94404c83222946f136ed9e84154ac92482598bb9f98376c612bdac8e4a42b3
