taskSetId	setupType	scaleLevel	nominalScale	machines	instance	processingMismatches	centerMismatches	weightMismatches	setupMismatches	workloadScale	multiplierFingerprint	bodySha256
n020-set01	random	medium	10	2	instances/data/n020-set01/random/medium-heterogeneous/m2.dat	0	0	0	0	10.000000000000	339f2fd64fb885bb6ebac07de7fa0bc5394b7be0d80e4e5fc76d72a7c17ccbd0	4f500dd53bdcbe4ed217373bd3056219b4be7d619226263aee9ac93ee71eb887
n020-set01	random	medium	10	3	instances/data/n020-set01/random/medium-heterogeneous/m3.dat	0	0	0	0	10.000000000000	339f2fd64fb885bb6ebac07de7fa0bc5394b7be0d80e4e5fc76d72a7c17ccbd0	70babb35e4dec60bbbcdf4efadaefac41ff067ec5ec9df4b1a043b20454c96e0
n020-set01	random	medium	10	4	instances/data/n020-set01/random/medium-heterogeneous/m4.dat	0	0	0	0	10.000000000000	339f2fd64fb885bb6ebac07de7fa0bc5394b7be0d80e4e5fc76d72a7c17ccbd0	a88d8fbd919d3b0637e9da80ae3c54c0feafd71bdd0ca22ad9ef887da5c180e1
n020-set01	random	high	20	2	instances/data/n020-set01/random/high-heterogeneous/m2.dat	0	0	0	0	20.000000000000	2626d973790284adf781d08c53aef0f1a8cbdc2457a4ec8b30fe27abf4c07e87	f16b663a23e78cd45a389632d72fefa71c93c46f338f5d2663b1f6fd1490d1d9
n020-set01	random	high	20	3	instances/data/n020-set01/random/high-heterogeneous/m3.dat	0	0	0	0	20.000000000000	2626d973790284adf781d08c53aef0f1a8cbdc2457a4ec8b30fe27abf4c07e87	08fea024bbbbe63592d053d5edd111bc85dce4534a658ab93d9e25d6aa9c7b86
n020-set01	random	high	20	4	instances/data/n020-set01/random/high-heterogeneous/m4.dat	0	0	0	0	20.000000000000	2626d973790284adf781d08c53aef0f1a8cbdc2457a4ec8b30fe27abf4c07e87	5fe0329cb41e51db967c9c7bfece32955094fb4fc0810d34d8b83b44d1feaaa0
n020-set01	family	medium	10	2	instances/data/n020-set01/family/medium-heterogeneous/m2.dat	0	0	0	0	10.000000000000	339f2fd64fb885bb6ebac07de7fa0bc5394b7be0d80e4e5fc76d72a7c17ccbd0	4b382b94175efc983aad1d1a8adf861795ed852f6f751ee8e06f2d34c2bdd8b8
n020-set01	family	medium	10	3	instances/data/n020-set01/family/medium-heterogeneous/m3.dat	0	0	0	0	10.000000000000	339f2fd64fb885bb6ebac07de7fa0bc5394b7be0d80e4e5fc76d72a7c17ccbd0	9cf2fe65ccdc2584a4fad61afd229258dafc43d6c0050f12223db5138599fb57
n020-set01	family	medium	10	4	instances/data/n020-set01/family/medium-heterogeneous/m4.dat	0	0	0	0	10.000000000000	339f2fd64fb885bb6ebac07de7fa0bc5394b7be0d80e4e5fc76d72a7c17ccbd0	32af8cc8bb4c862a3e814e0d59a93b8af64c8a5ba5828378bbdbfb5e7a4e238e
n020-set01	family	high	20	2	instances/data/n020-set01/family/high-heterogeneous/m2.dat	0	0	0	0	20.000000000000	2626d973790284adf781d08c53aef0f1a8cbdc2457a4ec8b30fe27abf4c07e87	d51499232509f1c6ddee57ee610114d22ba51107a73bd9fbcb8196655a238b60
n020-set01	family	high	20	3	instances/data/n020-set01/family/high-heterogeneous/m3.dat	0	0	0	0	20.000000000000	2626d973790284adf781d08c53aef0f1a8cbdc2457a4ec8b30fe27abf4c07e87	d2f9c7491e57435b754169cd6ebdde538bdffaadd5ff857df3e028d46dbf8884
n020-set01	family	high	20	4	instances/data/n020-set01/family/high-heterogeneous/m4.dat	0	0	0	0	20.000000000000	2626d973790284adf781d08c53aef0f1a8cbdc2457a4ec8b30fe27abf4c07e87	7c0f5c936da39a9fd536f24dd66ee1f4cf115468637fc3deb872bd402a91a8b9
n020-set02	random	medium	10	2	instances/data/n020-set02/random/medium-heterogeneous/m2.dat	0	0	0	0	9.999103139013	5c5968fe6811ef68e4602c18a9978df62e36d04d0ac0d9e0241cb9c7568d5d60	c4b71e8506a35a90937545ba0b412f041959ad48d3d1b3b037dccb01cd296359
n020-set02	random	medium	10	3	instances/data/n020-set02/random/medium-heterogeneous/m3.dat	0	0	0	0	9.999103139013	5c5968fe6811ef68e4602c18a9978df62e36d04d0ac0d9e0241cb9c7568d5d60	9fb880aa1171cca3c25dceb7cb75564bad87622cf1991fa6f148fe1fa02d8996
n020-set02	random	medium	10	4	instances/data/n020-set02/random/medium-heterogeneous/m4.dat	0	0	0	0	9.999103139013	5c5968fe6811ef68e4602c18a9978df62e36d04d0ac0d9e0241cb9c7568d5d60	f62065e00bd3bb1ce0514454c6ce9a7ae62109057f3ea53d92e76a96da874ef3
n020-set02	random	high	20	2	instances/data/n020-set02/random/high-heterogeneous/m2.dat	0	0	0	0	19.999103139013	6310d99d2b8b7a68d94ea527187f9faab43e62f6cbbb1e9563e2153d6c8d8364	3a1ad8f96f9a78ae28f977851277cf3911818507a0e9f2c10d6551ed2c324574
n020-set02	random	high	20	3	instances/data/n020-set02/random/high-heterogeneous/m3.dat	0	0	0	0	19.999103139013	6310d99d2b8b7a68d94ea527187f9faab43e62f6cbbb1e9563e2153d6c8d8364	0555bdb708829becfd9f23d9c3259c54563d364edc54d333f6831554a157cd8a
n020-set02	random	high	20	4	instances/data/n020-set02/random/high-heterogeneous/m4.dat	0	0	0	0	19.999103139013	6310d99d2b8b7a68d94ea527187f9faab43e62f6cbbb1e9563e2153d6c8d8364	42d87feaf32971cb5bed743dc11fd0260edc3c6ff18ad1ab814da9ae66be0cac
n020-set02	family	medium	10	2	instances/data/n020-set02/family/medium-heterogeneous/m2.dat	0	0	0	0	9.999103139013	5c5968fe6811ef68e4602c18a9978df62e36d04d0ac0d9e0241cb9c7568d5d60	933165aa181854cdc6d1fa51e48de6c73ed8a19f76621f222d72d96d2c91ad2d
n020-set02	family	medium	10	3	instances/data/n020-set02/family/medium-heterogeneous/m3.dat	0	0	0	0	9.999103139013	5c5968fe6811ef68e4602c18a9978df62e36d04d0ac0d9e0241cb9c7568d5d60	98d5af5cdc7555d5a7c7c1d6034bfc2b777df067a7b085740cbb850e45a5b090
n020-set02	family	medium	10	4	instances/data/n020-set02/family/medium-heterogeneous/m4.dat	0	0	0	0	9.999103139013	5c5968fe6811ef68e4602c18a9978df62e36d04d0ac0d9e0241cb9c7568d5d60	4c706414343c555802c20c1a568c01d9bd8f61e5e44c3bc426f6d816ea10f130
n020-set02	family	high	20	2	instances/data/n020-set02/family/high-heterogeneous/m2.dat	0	0	0	0	19.999103139013	6310d99d2b8b7a68d94ea527187f9faab43e62f6cbbb1e9563e2153d6c8d8364	e621e09ef41741d0f9b96959ab943f90f7091e1daa13c9831707f1fab076a650
n020-set02	family	high	20	3	instances/data/n020-set02/family/high-heterogeneous/m3.dat	0	0	0	0	19.999103139013	6310d99d2b8b7a68d94ea527187f9faab43e62f6cbbb1e9563e2153d6c8d8364	58c167d1b6e8eec9c57dad3351545963096e731db5669fe18f143d1850d9f094
n020-set02	family	high	20	4	instances/data/n020-set02/family/high-heterogeneous/m4.dat	0	0	0	0	19.999103139013	6310d99d2b8b7a68d94ea527187f9faab43e62f6cbbb1e9563e2153d6c8d8364	2b2b93fb3a58b993cb90a1d593d806e62d1961a9bdc0daf13c9261eeb3319002
n020-set03	random	medium	10	2	instances/data/n020-set03/random/medium-heterogeneous/m2.dat	0	0	0	0	10.000000000000	db9c9c410d964895985a2fc6b9b97ec740ab2a72f86ada3ebc190a70f4af0cdb	3b1850db90d0b8dd9431ce98782c733a9daba4147e3052b8a90b7c47e2c9d5cf
n020-set03	random	medium	10	3	instances/data/n020-set03/random/medium-heterogeneous/m3.dat	0	0	0	0	10.000000000000	db9c9c410d964895985a2fc6b9b97ec740ab2a72f86ada3ebc190a70f4af0cdb	281b40ee5c8be54b53b764d8ba2597750639e905ff5d36252998b2a86215379b
n020-set03	random	medium	10	4	instances/data/n020-set03/random/medium-heterogeneous/m4.dat	0	0	0	0	10.000000000000	db9c9c410d964895985a2fc6b9b97ec740ab2a72f86ada3ebc190a70f4af0cdb	05c6f7e7817860826157b3bc5454a33088c7b232920dc6d515ecdf045ad99628
n020-set03	random	high	20	2	instances/data/n020-set03/random/high-heterogeneous/m2.dat	0	0	0	0	20.000000000000	4aa6291da2658042d9b4f9c78cd25caddb492ab59ebc728daa38e03722e4b19c	14454434997e3f0625a92ce546846f069f5ecb60a9cdda4c1c1bf241dbd05d86
n020-set03	random	high	20	3	instances/data/n020-set03/random/high-heterogeneous/m3.dat	0	0	0	0	20.000000000000	4aa6291da2658042d9b4f9c78cd25caddb492ab59ebc728daa38e03722e4b19c	498fb400c918410a540113325740c01586be7f9f3ba323a7d8ef6fcbb5a52a1a
n020-set03	random	high	20	4	instances/data/n020-set03/random/high-heterogeneous/m4.dat	0	0	0	0	20.000000000000	4aa6291da2658042d9b4f9c78cd25caddb492ab59ebc728daa38e03722e4b19c	4146eb249fdf358d57fc3cdf637b530281c054cf59dedbcc325227cde0dea441
n020-set03	family	medium	10	2	instances/data/n020-set03/family/medium-heterogeneous/m2.dat	0	0	0	0	10.000000000000	db9c9c410d964895985a2fc6b9b97ec740ab2a72f86ada3ebc190a70f4af0cdb	4725e6d4b4e5eb83c04a46a5956a52641be8e17c99f3f226339b47722129f40b
n020-set03	family	medium	10	3	instances/data/n020-set03/family/medium-heterogeneous/m3.dat	0	0	0	0	10.000000000000	db9c9c410d964895985a2fc6b9b97ec740ab2a72f86ada3ebc190a70f4af0cdb	4d98f7351effcfde4e4cb864103aad1819042e58052075d2c2118dcb8dbf51f8
n020-set03	family	medium	10	4	instances/data/n020-set03/family/medium-heterogeneous/m4.dat	0	0	0	0	10.000000000000	db9c9c410d964895985a2fc6b9b97ec740ab2a72f86ada3ebc190a70f4af0cdb	6db9a14bf1bc04cc0e92da207646785d6ad63d5553492abbf3c7f874995f91e7
n020-set03	family	high	20	2	instances/data/n020-set03/family/high-heterogeneous/m2.dat	0	0	0	0	20.000000000000	4aa6291da2658042d9b4f9c78cd25caddb492ab59ebc728daa38e03722e4b19c	4c2bca6b423d6af2feee289c8f31633b73b6168dc1f31d0deba1c3c8f6270c87
n020-set03	family	high	20	3	instances/data/n020-set03/family/high-heterogeneous/m3.dat	0	0	0	0	20.000000000000	4aa6291da2658042d9b4f9c78cd25caddb492ab59ebc728daa38e03722e4b19c	cb4c0ea4b832e0c91ce80de6fcf33d5aa7fe85f0c353b814677c41c03dd728a2
n020-set03	family	high	20	4	instances/data/n020-set03/family/high-heterogeneous/m4.dat	0	0	0	0	20.000000000000	4aa6291da2658042d9b4f9c78cd25caddb492ab59ebc728daa38e03722e4b19c	455c3b6390f7cbd4499ce39e62566f2f23853fb528986da8b2417d0a92cc901a
n020-set04	random	medium	10	2	instances/data/n020-set04/random/medium-heterogeneous/m2.dat	0	0	0	0	9.998787878788	be28be1ba333de5161d66d63ae0302a579781380a2a4c931eb7e3546ae7c3d44	1f63fa101b08a0ac60ac3a8a0ff6025439184204f902c06ff9aa8808679aa2e9
n020-set04	random	medium	10	3	instances/data/n020-set04/random/medium-heterogeneous/m3.dat	0	0	0	0	9.998787878788	be28be1ba333de5161d66d63ae0302a579781380a2a4c931eb7e3546ae7c3d44	b7fb988f7aa08ca80a54297f241edbfaa0477b0f5a195f26ea64be9c83a49c6f
n020-set04	random	medium	10	4	instances/data/n020-set04/random/medium-heterogeneous/m4.dat	0	0	0	0	9.998787878788	be28be1ba333de5161d66d63ae0302a579781380a2a4c931eb7e3546ae7c3d44	4da743db2f641f72e7976c35c29272988cab0b9c7b172d1a627a79223c22d958
n020-set04	random	high	20	2	instances/data/n020-set04/random/high-heterogeneous/m2.dat	0	0	0	0	19.998787878788	ca8b2f7242b2e78f700139058026a80ae733ba393d3ef5abe7caa7adcb130481	6b28c3af851516eff1ec9f9006da7163b7ed7b79496acfbef8e66497ba49fe74
n020-set04	random	high	20	3	instances/data/n020-set04/random/high-heterogeneous/m3.dat	0	0	0	0	19.998787878788	ca8b2f7242b2e78f700139058026a80ae733ba393d3ef5abe7caa7adcb130481	e8b15ba64efaeecbf213af1b937a09ea98607bc9bef74203fed89a06a521d5e6
n020-set04	random	high	20	4	instances/data/n020-set04/random/high-heterogeneous/m4.dat	0	0	0	0	19.998787878788	ca8b2f7242b2e78f700139058026a80ae733ba393d3ef5abe7caa7adcb130481	cff548ec2778a81a1268a5a6da31fd996085e3c2648ed828a2b7f576a9fc3ae3
n020-set04	family	medium	10	2	instances/data/n020-set04/family/medium-heterogeneous/m2.dat	0	0	0	0	9.998787878788	be28be1ba333de5161d66d63ae0302a579781380a2a4c931eb7e3546ae7c3d44	e6e424a05093a61468cc4e7b292d3ba612de893aaa013b2cd3b75335e88380cc
n020-set04	family	medium	10	3	instances/data/n020-set04/family/medium-heterogeneous/m3.dat	0	0	0	0	9.998787878788	be28be1ba333de5161d66d63ae0302a579781380a2a4c931eb7e3546ae7c3d44	124914e8d82969832e97c9d48f9245723ee2b1930c6cb24a5d99d98858bea5ca
n020-set04	family	medium	10	4	instances/data/n020-set04/family/medium-heterogeneous/m4.dat	0	0	0	0	9.998787878788	be28be1ba333de5161d66d63ae0302a579781380a2a4c931eb7e3546ae7c3d44	b320cd3d7f3f7d93e08e85baa4f83e1b8b6264d6f295e068d1e7f8bd51b0872c
n020-set04	family	high	20	2	instances/data/n020-set04/family/high-heterogeneous/m2.dat	0	0	0	0	19.998787878788	ca8b2f7242b2e78f700139058026a80ae733ba393d3ef5abe7caa7adcb130481	7f29d047230c8dd5b4ae99cc35932c03f0e878701401b151f7657baf71faf63f
n020-set04	family	high	20	3	instances/data/n020-set04/family/high-heterogeneous/m3.dat	0	0	0	0	19.998787878788	ca8b2f7242b2e78f700139058026a80ae733ba393d3ef5abe7caa7adcb130481	0f7361ca6b680f0d71c13bbce765737f2a348e1b093c37c5735f06556e29ebc1
n020-set04	family	high	20	4	instances/data/n020-set04/family/high-heterogeneous/m4.dat	0	0	0	0	19.998787878788	ca8b2f7242b2e78f700139058026a80ae733ba393d3ef5abe7caa7adcb130481	a2afef0fe78a4245c6a1b6f62a8db052332d82ed96c472aeba21165e3a5ca631
n020-set05	random	medium	10	2	instances/data/n020-set05/random/medium-heterogeneous/m2.dat	0	0	0	0	10.000940733772	7485a397c2da02d3e09d7fb8137480568e2f018ccd79166785d36ca1e39242c3	66b150aba8e6b0138fc145e1ceae7450e92083ddd5d1b378f3081cd5826e612e
n020-set05	random	medium	10	3	instances/data/n020-set05/random/medium-heterogeneous/m3.dat	0	0	0	0	10.000940733772	7485a397c2da02d3e09d7fb8137480568e2f018ccd79166785d36ca1e39242c3	3f865431ea517699d18df6feaa902bbbee3eef8df85c6eba594ceb30fbf7146b
n020-set05	random	medium	10	4	instances/data/n020-set05/random/medium-heterogeneous/m4.dat	0	0	0	0	10.000940733772	7485a397c2da02d3e09d7fb8137480568e2f018ccd79166785d36ca1e39242c3	6eb351116efde874c17bf09346b81a2d8efdf5f0c68557a71bdcd3051e410bc5
n020-set05	random	high	20	2	instances/data/n020-set05/random/high-heterogeneous/m2.dat	0	0	0	0	20.000940733772	926012f94053995d33447ddfaac19560e85863ef769ce82f474a3499e2e12a4d	56e71f4ffd171ac7de0b822fca505cbc8cb65ac0a03f52b1b47ceb038c34f272
n020-set05	random	high	20	3	instances/data/n020-set05/random/high-heterogeneous/m3.dat	0	0	0	0	20.000940733772	926012f94053995d33447ddfaac19560e85863ef769ce82f474a3499e2e12a4d	0407dad7e9f83b77535a8004abe63eccecd12251c931f3d71d3a4db23e63d794
n020-set05	random	high	20	4	instances/data/n020-set05/random/high-heterogeneous/m4.dat	0	0	0	0	20.000940733772	926012f94053995d33447ddfaac19560e85863ef769ce82f474a3499e2e12a4d	c5fd3eb70f8aca4d9fabe9adbdf9f29cac18aaa469325e40a04b0578e9a7f13d
n020-set05	family	medium	10	2	instances/data/n020-set05/family/medium-heterogeneous/m2.dat	0	0	0	0	10.000940733772	7485a397c2da02d3e09d7fb8137480568e2f018ccd79166785d36ca1e39242c3	f42e0f3e6dbfec5e8f50c9bfe0b951706ad3891d8c4d7aad48eb86727f0d6cb5
n020-set05	family	medium	10	3	instances/data/n020-set05/family/medium-heterogeneous/m3.dat	0	0	0	0	10.000940733772	7485a397c2da02d3e09d7fb8137480568e2f018ccd79166785d36ca1e39242c3	18f2c6dfe164a9343c1fc8ae24685e307c439dc93e716649863d757ba3806608
n020-set05	family	medium	10	4	instances/data/n020-set05/family/medium-heterogeneous/m4.dat	0	0	0	0	10.000940733772	7485a397c2da02d3e09d7fb8137480568e2f018ccd79166785d36ca1e39242c3	f524a822e40d70f1cf7f7b2b857714866296be3a2508ccd7b1274dd524a21359
n020-set05	family	high	20	2	instances/data/n020-set05/family/high-heterogeneous/m2.dat	0	0	0	0	20.000940733772	926012f94053995d33447ddfaac19560e85863ef769ce82f474a3499e2e12a4d	616a74d5fb54724618e0d05aad5486e6648795491296834e59553ba9d5635d70
n020-set05	family	high	20	3	instances/data/n020-set05/family/high-heterogeneous/m3.dat	0	0	0	0	20.000940733772	926012f94053995d33447ddfaac19560e85863ef769ce82f474a3499e2e12a4d	ff90077b884c06fd8339f66777a6b78cb7d2903754aa3846da81fb8825cec2fb
n020-set05	family	high	20	4	instances/data/n020-set05/family/high-heterogeneous/m4.dat	0	0	0	0	20.000940733772	926012f94053995d33447ddfaac19560e85863ef769ce82f474a3499e2e12a4d	0055c412f564846ea040b98eda9072d90ba6976e4fe86f0d60644f4068d4f0c6
n040-set01	random	medium	10	2	instances/data/n040-set01/random/medium-heterogeneous/m2.dat	0	0	0	0	10.000000000000	a43917317230a678097e706b695f9e88eb84a8a3c3beaeda3607c98b1dcf57f4	18438bd551eae8022c6bc97c84179cc32d3fa188ba3153a86e38962e4b559748
n040-set01	random	medium	10	3	instances/data/n040-set01/random/medium-heterogeneous/m3.dat	0	0	0	0	10.000000000000	a43917317230a678097e706b695f9e88eb84a8a3c3beaeda3607c98b1dcf57f4	aa0ca195838efa44efc077fa6ed231596cf08215a55c80e37065f404cf8a0bdd
n040-set01	random	medium	10	4	instances/data/n040-set01/random/medium-heterogeneous/m4.dat	0	0	0	0	10.000000000000	a43917317230a678097e706b695f9e88eb84a8a3c3beaeda3607c98b1dcf57f4	0deff0efe94171d452711f7e1ce73b4cbd560568a6556757d4af498f69d06060
n040-set01	random	high	20	2	instances/data/n040-set01/random/high-heterogeneous/m2.dat	0	0	0	0	20.000000000000	23eacdd26ae5f76f6d02cffdbaa967f7ef07b496fee44edee134bd518a18eb1a	36c6fe48eed0c5c68d3eab77c6e703686d61c04d279afb79644246d23a3b7474
n040-set01	random	high	20	3	instances/data/n040-set01/random/high-heterogeneous/m3.dat	0	0	0	0	20.000000000000	23eacdd26ae5f76f6d02cffdbaa967f7ef07b496fee44edee134bd518a18eb1a	e2770af83874f27749d5d64c44c8f292c49aee841e3e68d855e1751ae5d91ce4
n040-set01	random	high	20	4	instances/data/n040-set01/random/high-heterogeneous/m4.dat	0	0	0	0	20.000000000000	23eacdd26ae5f76f6d02cffdbaa967f7ef07b496fee44edee134bd518a18eb1a	226a80eebe9a5e6d9e1d06a23de951bc0804251bdcabfb87b2831ca5b6e78469
n040-set01	family	medium	10	2	instances/data/n040-set01/family/medium-heterogeneous/m2.dat	0	0	0	0	10.000000000000	a43917317230a678097e706b695f9e88eb84a8a3c3beaeda3607c98b1dcf57f4	5eb4003c965aaaa4800d3a1980d7b31816ed66afbd2189a5d4998e51d3abd53f
n040-set01	family	medium	10	3	instances/data/n040-set01/family/medium-heterogeneous/m3.dat	0	0	0	0	10.000000000000	a43917317230a678097e706b695f9e88eb84a8a3c3beaeda3607c98b1dcf57f4	698a0e1a0eddbcd90f26b33c7041a7a4e082364c82df122681e93a1113a29ffa
n040-set01	family	medium	10	4	instances/data/n040-set01/family/medium-heterogeneous/m4.dat	0	0	0	0	10.000000000000	a43917317230a678097e706b695f9e88eb84a8a3c3beaeda3607c98b1dcf57f4	9f3898e34844e720843276f2e3795b9522e57db7944b4dca8b46ab6631211ad2
n040-set01	family	high	20	2	instances/data/n040-set01/family/high-heterogeneous/m2.dat	0	0	0	0	20.000000000000	23eacdd26ae5f76f6d02cffdbaa967f7ef07b496fee44edee134bd518a18eb1a	a99c891f2ca0954426a8733314dd330ea91506cf5580b500220f8c5b978963a2
n040-set01	family	high	20	3	instances/data/n040-set01/family/high-heterogeneous/m3.dat	0	0	0	0	20.000000000000	23eacdd26ae5f76f6d02cffdbaa967f7ef07b496fee44edee134bd518a18eb1a	a044a8239e70f578ca21652dc9da26bbe590283eb63d26192bab64f1642a2780
n040-set01	family	high	20	4	instances/data/n040-set01/family/high-heterogeneous/m4.dat	0	0	0	0	20.000000000000	23eacdd26ae5f76f6d02cffdbaa967f7ef07b496fee44edee134bd518a18eb1a	fec8616a7570298fb430f84e3f8a22698525bc698a552c907117706fdea6e8af
n040-set02	random	medium	10	2	instances/data/n040-set02/random/medium-heterogeneous/m2.dat	0	0	0	0	10.000000000000	2329733c15e35d5c3cee038a7ce1df014a5fe7dc93c850e281a3c912efdbe69a	d0e1f3e9a96529857559420258942a4b1c7c28c03ddb3b16248378776a065f2c
n040-set02	random	medium	10	3	instances/data/n040-set02/random/medium-heterogeneous/m3.dat	0	0	0	0	10.000000000000	2329733c15e35d5c3cee038a7ce1df014a5fe7dc93c850e281a3c912efdbe69a	7afe62601a0285e67ffa2cd59c9289da86a27df3fc4a8c26cafe7291c0177388
n040-set02	random	medium	10	4	instances/data/n040-set02/random/medium-heterogeneous/m4.dat	0	0	0	0	10.000000000000	2329733c15e35d5c3cee038a7ce1df014a5fe7dc93c850e281a3c912efdbe69a	80f2de7d2d8465bb63941a3886e93365e1726e5100ecabd1b7a128fc21a82cc6
n040-set02	random	high	20	2	instances/data/n040-set02/random/high-heterogeneous/m2.dat	0	0	0	0	20.000000000000	41c201b2862f27a3fb785f1ff2c2da1944b0044b29e4389667e7efe71166bddd	3396ccff9f1865a629f42dfabed81078aa5e63be0fde8c868f75828994a18433
n040-set02	random	high	20	3	instances/data/n040-set02/random/high-heterogeneous/m3.dat	0	0	0	0	20.000000000000	41c201b2862f27a3fb785f1ff2c2da1944b0044b29e4389667e7efe71166bddd	243852cf0777f6ecb9a4da228ac47c6deaa82d44b2a115635019e8d84be773fc
n040-set02	random	high	20	4	instances/data/n040-set02/random/high-heterogeneous/m4.dat	0	0	0	0	20.000000000000	41c201b2862f27a3fb785f1ff2c2da1944b0044b29e4389667e7efe71166bddd	86c71b5d3b54a9e8b6a0b0f3adcabdadd7454f69cce4ff98e9eaf4ee9f7fbae9
n040-set02	family	medium	10	2	instances/data/n040-set02/family/medium-heterogeneous/m2.dat	0	0	0	0	10.000000000000	2329733c15e35d5c3cee038a7ce1df014a5fe7dc93c850e281a3c912efdbe69a	6242d759fe22d2be23d8b175e19efde62a52f1c0326c2e02bac91e0943886edf
n040-set02	family	medium	10	3	instances/data/n040-set02/family/medium-heterogeneous/m3.dat	0	0	0	0	10.000000000000	2329733c15e35d5c3cee038a7ce1df014a5fe7dc93c850e281a3c912efdbe69a	38ffa9f2c373e2a535f7b0a2f8ffd0060412b9dc5c0869ce907b4b7e109f339a
n040-set02	family	medium	10	4	instances/data/n040-set02/family/medium-heterogeneous/m4.dat	0	0	0	0	10.000000000000	2329733c15e35d5c3cee038a7ce1df014a5fe7dc93c850e281a3c912efdbe69a	b5cfd395cf8ff93f095ff93b8529caacbe25eefd89bbd75365aaf252d3ee66e0
n040-set02	family	high	20	2	instances/data/n040-set02/family/high-heterogeneous/m2.dat	0	0	0	0	20.000000000000	41c201b2862f27a3fb785f1ff2c2da1944b0044b29e4389667e7efe71166bddd	4ffc704573d2d841995967a1107329b75dd6a0012a543b7f930317d04f410b22
n040-set02	family	high	20	3	instances/data/n040-set02/family/high-heterogeneous/m3.dat	0	0	0	0	20.000000000000	41c201b2862f27a3fb785f1ff2c2da1944b0044b29e4389667e7efe71166bddd	0d079d70419f58cbd91838190a71b440cfef2ded772238ea3eb00b659db19441
n040-set02	family	high	20	4	instances/data/n040-set02/family/high-heterogeneous/m4.dat	0	0	0	0	20.000000000000	41c201b2862f27a3fb785f1ff2c2da1944b0044b29e4389667e7efe71166bddd	c40b1d29d62e2e3f4c7e974a03cc628ef10e21727c80dbc4141273460152f257
n040-set03	random	medium	10	2	instances/data/n040-set03/random/medium-heterogeneous/m2.dat	0	0	0	0	10.000000000000	58acb044826a77bb2de842de7230e080ffe35c68c163fa95def593034c84395b	43528a07c91a7502648de66ec55cebaa89b27584da23525f2384cadc77a8cc23
n040-set03	random	medium	10	3	instances/data/n040-set03/random/medium-heterogeneous/m3.dat	0	0	0	0	10.000000000000	58acb044826a77bb2de842de7230e080ffe35c68c163fa95def593034c84395b	328907c13a1473af940bcdd417506862c3b68e1805084e51641a157ca3d38d0b
n040-set03	random	medium	10	4	instances/data/n040-set03/random/medium-heterogeneous/m4.dat	0	0	0	0	10.000000000000	58acb044826a77bb2de842de7230e080ffe35c68c163fa95def593034c84395b	ecc214ac0793ccc4d88cac1e736aca70a63da4a097cff63560ddd8e2061bc0e2
n040-set03	random	high	20	2	instances/data/n040-set03/random/high-heterogeneous/m2.dat	0	0	0	0	20.000000000000	1701da794b1b1e37a0bbbcc38053b955d558e07cf415acddc4077c29f3a1c19b	adfde8e0b8f1d9bb3b801dee7cef3a2a81a0d426f7f52393cdd1185852562d36
n040-set03	random	high	20	3	instances/data/n040-set03/random/high-heterogeneous/m3.dat	0	0	0	0	20.000000000000	1701da794b1b1e37a0bbbcc38053b955d558e07cf415acddc4077c29f3a1c19b	21823007a410a48d6ded1d2016c57a842d5a198de01bd2e2ef0beef662f2daf1
n040-set03	random	high	20	4	instances/data/n040-set03/random/high-heterogeneous/m4.dat	0	0	0	0	20.000000000000	1701da794b1b1e37a0bbbcc38053b955d558e07cf415acddc4077c29f3a1c19b	483a60cbfa27cb507bc7d2f01ec956400a161aa745aaf2ca50f32fb24f759d02
n040-set03	family	medium	10	2	instances/data/n040-set03/family/medium-heterogeneous/m2.dat	0	0	0	0	10.000000000000	58acb044826a77bb2de842de7230e080ffe35c68c163fa95def593034c84395b	81d5ac846c13270f106809d0b92bb475632763e455ae9af6416eac9f068db725
n040-set03	family	medium	10	3	instances/data/n040-set03/family/medium-heterogeneous/m3.dat	0	0	0	0	10.000000000000	58acb044826a77bb2de842de7230e080ffe35c68c163fa95def593034c84395b	a29639e9add6dc86d2a08b4d2c93dd3114d7ed4046a436c7d96bd5e189381e70
n040-set03	family	medium	10	4	instances/data/n040-set03/family/medium-heterogeneous/m4.dat	0	0	0	0	10.000000000000	58acb044826a77bb2de842de7230e080ffe35c68c163fa95def593034c84395b	c455956dc2b94285b23e268eb97b60076d6913872fb3961f8e49a7c67da24018
n040-set03	family	high	20	2	instances/data/n040-set03/family/high-heterogeneous/m2.dat	0	0	0	0	20.000000000000	1701da794b1b1e37a0bbbcc38053b955d558e07cf415acddc4077c29f3a1c19b	1db527e737acd4025a72238dfc7250622147a54c95dbbc553778eb4c886f3408
n040-set03	family	high	20	3	instances/data/n040-set03/family/high-heterogeneous/m3.dat	0	0	0	0	20.000000000000	1701da794b1b1e37a0bbbcc38053b955d558e07cf415acddc4077c29f3a1c19b	4ca579207f3b8d8588eb9eed6352defd404b0f56c6fc28928a2f2f8f8534da24
n040-set03	family	high	20	4	instances/data/n040-set03/family/high-heterogeneous/m4.dat	0	0	0	0	20.000000000000	1701da794b1b1e37a0bbbcc38053b955d558e07cf415acddc4077c29f3a1c19b	3062c82c69ce34bd3819a5f2865b9e151de705ae02cb180f58c97cbe138fa869
n040-set04	random	medium	10	2	instances/data/n040-set04/random/medium-heterogeneous/m2.dat	0	0	0	0	10.000000000000	c055d407bf5679f1ddd35b90ebe762c4bc15797c5aa8575b4c07a0bd5b758bd3	c09551a69f52af5ba05cc46a7b1e4595ce930f0763056825c482bc971510c73b
n040-set04	random	medium	10	3	instances/data/n040-set04/random/medium-heterogeneous/m3.dat	0	0	0	0	10.000000000000	c055d407bf5679f1ddd35b90ebe762c4bc15797c5aa8575b4c07a0bd5b758bd3	f9dade70209c8e670b8c216e6650103b912f8e7e65f9a7e807511838988687cf
n040-set04	random	medium	10	4	instances/data/n040-set04/random/medium-heterogeneous/m4.dat	0	0	0	0	10.000000000000	c055d407bf5679f1ddd35b90ebe762c4bc15797c5aa8575b4c07a0bd5b758bd3	b6b24d0699c157ddcc0cbd8e687eb7f99fabd90852081b53a1092e98027d5d83
n040-set04	random	high	20	2	instances/data/n040-set04/random/high-heterogeneous/m2.dat	0	0	0	0	20.000000000000	97bd07620dc7d4c749997d46494aed4d8d27a76cd0390c815e752d1df3b4894e	28a2bcd2e95cbdb173a49e37020ec0348b8c03e9da09774395da82ab83eecce4
n040-set04	random	high	20	3	instances/data/n040-set04/random/high-heterogeneous/m3.dat	0	0	0	0	20.000000000000	97bd07620dc7d4c749997d46494aed4d8d27a76cd0390c815e752d1df3b4894e	0277c8ab142da600b701e733b0ddf59c552fd4051bac9d5c1df22d497d162102
n040-set04	random	high	20	4	instances/data/n040-set04/random/high-heterogeneous/m4.dat	0	0	0	0	20.000000000000	97bd07620dc7d4c749997d46494aed4d8d27a76cd0390c815e752d1df3b4894e	bd72ae19c12551e4af45549cfc717c9c436c9121d5814ff4abbe7619d873bc15
n040-set04	family	medium	10	2	instances/data/n040-set04/family/medium-heterogeneous/m2.dat	0	0	0	0	10.000000000000	c055d407bf5679f1ddd35b90ebe762c4bc15797c5aa8575b4c07a0bd5b758bd3	4d59ca2056dbfde824fc96d62c4dd31ee3245fbf3a9c1647f6629bcdbaa48900
n040-set04	family	medium	10	3	instances/data/n040-set04/family/medium-heterogeneous/m3.dat	0	0	0	0	10.000000000000	c055d407bf5679f1ddd35b90ebe762c4bc15797c5aa8575b4c07a0bd5b758bd3	244b2ec043cc927cc32124adb87db1ad403584b227e9404ab89d7f2ee093c38b
n040-set04	family	medium	10	4	instances/data/n040-set04/family/medium-heterogeneous/m4.dat	0	0	0	0	10.000000000000	c055d407bf5679f1ddd35b90ebe762c4bc15797c5aa8575b4c07a0bd5b758bd3	222766e4452a6a656a523e12a4dcbbe3a083a01b074decbfc4a87142fb79ba64
n040-set04	family	high	20	2	instances/data/n040-set04/family/high-heterogeneous/m2.dat	0	0	0	0	20.000000000000	97bd07620dc7d4c749997d46494aed4d8d27a76cd0390c815e752d1df3b4894e	1f035044d08bca0f34f7268dbe55d6353fd05867fb15f02465d1cb4b53126f15
n040-set04	family	high	20	3	instances/data/n040-set04/family/high-heterogeneous/m3.dat	0	0	0	0	20.000000000000	97bd07620dc7d4c749997d46494aed4d8d27a76cd0390c815e752d1df3b4894e	f5abdd952884f0edfe792aaa139ef098fb74c39e8242547fc5875bd678d0b4d7
n040-set04	family	high	20	4	instances/data/n040-set04/family/high-heterogeneous/m4.dat	0	0	0	0	20.000000000000	97bd07620dc7d4c749997d46494aed4d8d27a76cd0390c815e752d1df3b4894e	e4557782add87b9c834b7891c34e133897a9598a060b8db69e7700b54f2b976e
n040-set05	random	medium	10	2	instances/data/n040-set05/random/medium-heterogeneous/m2.dat	0	0	0	0	10.000000000000	95a94196a59c224414fc4f1b943259858941ef776c834f57ef83f07572d348f1	199b4b989b46b74cefa4cdd850ace431af1999d7617ef367029c016f7093b793
n040-set05	random	medium	10	3	instances/data/n040-set05/random/medium-heterogeneous/m3.dat	0	0	0	0	10.000000000000	95a94196a59c224414fc4f1b943259858941ef776c834f57ef83f07572d348f1	a12d7cb94aee9186a8fe931e2f8e2029b0b4181b3ed510ac3971dc021e24702b
n040-set05	random	medium	10	4	instances/data/n040-set05/random/medium-heterogeneous/m4.dat	0	0	0	0	10.000000000000	95a94196a59c224414fc4f1b943259858941ef776c834f57ef83f07572d348f1	dc5acd537da23e1abd823abf8f4925edb47a9893f81c581b81d2a141a8d2881f
n040-set05	random	high	20	2	instances/data/n040-set05/random/high-heterogeneous/m2.dat	0	0	0	0	20.000000000000	8cf14a1f4ad213296df917c2e8438f2149212f0d1df4f21e24ffed33d6d9361b	dd6f19a6965d9b15a7aaecaf4409c43de917e917a0333b640e85f1d750241c54
n040-set05	random	high	20	3	instances/data/n040-set05/random/high-heterogeneous/m3.dat	0	0	0	0	20.000000000000	8cf14a1f4ad213296df917c2e8438f2149212f0d1df4f21e24ffed33d6d9361b	061badcbf38154bdbdc64d28d779d814716d9fcbcba2369181584d07651c7284
n040-set05	random	high	20	4	instances/data/n040-set05/random/high-heterogeneous/m4.dat	0	0	0	0	20.000000000000	8cf14a1f4ad213296df917c2e8438f2149212f0d1df4f21e24ffed33d6d9361b	0c39c99562ca2993b42827fa7e0f2838c90eaa1452c46f5e885a0685c4dd8c13
n040-set05	family	medium	10	2	instances/data/n040-set05/family/medium-heterogeneous/m2.dat	0	0	0	0	10.000000000000	95a94196a59c224414fc4f1b943259858941ef776c834f57ef83f07572d348f1	cc86b958113dbaf20c91ac9720cb71fe04977d7d8f4b61685f5d8d294e53c76a
n040-set05	family	medium	10	3	instances/data/n040-set05/family/medium-heterogeneous/m3.dat	0	0	0	0	10.000000000000	95a94196a59c224414fc4f1b943259858941ef776c834f57ef83f07572d348f1	e5c08435463fc70375e93a9f718c597ac0f2288414b01964651cd95a9c546446
n040-set05	family	medium	10	4	instances/data/n040-set05/family/medium-heterogeneous/m4.dat	0	0	0	0	10.000000000000	95a94196a59c224414fc4f1b943259858941ef776c834f57ef83f07572d348f1	7188578b13306064f986f69d329ab9731a99827f134f7dec3726dfdc059ef894
n040-set05	family	high	20	2	instances/data/n040-set05/family/high-heterogeneous/m2.dat	0	0	0	0	20.000000000000	8cf14a1f4ad213296df917c2e8438f2149212f0d1df4f21e24ffed33d6d9361b	e7d0070b54f474b2fabce6adea1c1e3943b4f0b557e8021f1fff10c6cf5980cd
n040-set05	family	high	20	3	instances/data/n040-set05/family/high-heterogeneous/m3.dat	0	0	0	0	20.000000000000	8cf14a1f4ad213296df917c2e8438f2149212f0d1df4f21e24ffed33d6d9361b	6ba238f7fed4f06ce8ef459ac79eba322b69523a093494fa83f9ad7aa1c5d384
n040-set05	family	high	20	4	instances/data/n040-set05/family/high-heterogeneous/m4.dat	0	0	0	0	20.000000000000	8cf14a1f4ad213296df917c2e8438f2149212f0d1df4f21e24ffed33d6d9361b	4b59287473dc887a6cf4ef54e6ad6ad3f1d06b758a0185f55b7279c6e1a2d9b3
n050-set01	random	medium	10	2	instances/data/n050-set01/random/medium-heterogeneous/m2.dat	0	0	0	0	10.000000000000	14db32258f7482bd1a4c66532e03ea0b7dc0deab87d4a93d841fd03869ab9f9f	183b4981b912e86d3012037fbaf3a4a1139bf65a437ae7033835b625d513e81a
n050-set01	random	medium	10	3	instances/data/n050-set01/random/medium-heterogeneous/m3.dat	0	0	0	0	10.000000000000	14db32258f7482bd1a4c66532e03ea0b7dc0deab87d4a93d841fd03869ab9f9f	7bcaae35a6be8caee3f13f1cfdd004be748c489c68980036bb27b8670f50c35b
n050-set01	random	medium	10	4	instances/data/n050-set01/random/medium-heterogeneous/m4.dat	0	0	0	0	10.000000000000	14db32258f7482bd1a4c66532e03ea0b7dc0deab87d4a93d841fd03869ab9f9f	a14f5770366dacca251eed7c687ca138e35291283751878f159c76f4b26be711
n050-set01	random	high	20	2	instances/data/n050-set01/random/high-heterogeneous/m2.dat	0	0	0	0	20.000000000000	f33387f7012e50b61d2a656acee9a9da6113ae4d1a38ab9451d4edef4be8dd6a	fc17dc66897783ac1a77598cf5dce435626ae8fbe6cd26d104eedd3b2d09c346
n050-set01	random	high	20	3	instances/data/n050-set01/random/high-heterogeneous/m3.dat	0	0	0	0	20.000000000000	f33387f7012e50b61d2a656acee9a9da6113ae4d1a38ab9451d4edef4be8dd6a	5c7282cb418fd3a7e5c668729ff7cd35293251a7b240424826c5a679c5230217
n050-set01	random	high	20	4	instances/data/n050-set01/random/high-heterogeneous/m4.dat	0	0	0	0	20.000000000000	f33387f7012e50b61d2a656acee9a9da6113ae4d1a38ab9451d4edef4be8dd6a	20dd299870e3fbfde4b0f7cfd3d8750d018757a119ce468c81e484264de6ae70
n050-set01	family	medium	10	2	instances/data/n050-set01/family/medium-heterogeneous/m2.dat	0	0	0	0	10.000000000000	14db32258f7482bd1a4c66532e03ea0b7dc0deab87d4a93d841fd03869ab9f9f	7ef88708633b2f72a28fb3e78d05dce11802bebf7223a0e3dbbb544d4cf00e16
n050-set01	family	medium	10	3	instances/data/n050-set01/family/medium-heterogeneous/m3.dat	0	0	0	0	10.000000000000	14db32258f7482bd1a4c66532e03ea0b7dc0deab87d4a93d841fd03869ab9f9f	6148060e607b8c68b1056c7b4122aea3f5f4d80af404492d114f74db9d106bf0
n050-set01	family	medium	10	4	instances/data/n050-set01/family/medium-heterogeneous/m4.dat	0	0	0	0	10.000000000000	14db32258f7482bd1a4c66532e03ea0b7dc0deab87d4a93d841fd03869ab9f9f	1e0768ce885f4053250fa920b816873d415eb4015d9e2a94c46d8885948b88b8
n050-set01	family	high	20	2	instances/data/n050-set01/family/high-heterogeneous/m2.dat	0	0	0	0	20.000000000000	f33387f7012e50b61d2a656acee9a9da6113ae4d1a38ab9451d4edef4be8dd6a	3b53d96a8e6ab8edd5e903a34ba7c792a6062524666d1f8a14bd178d877f4034
n050-set01	family	high	20	3	instances/data/n050-set01/family/high-heterogeneous/m3.dat	0	0	0	0	20.000000000000	f33387f7012e50b61d2a656acee9a9da6113ae4d1a38ab9451d4edef4be8dd6a	b275c3e0b58cc76f5bfaac37e3cb54bf92feca737a185e1d41bdb1790096789f
n050-set01	family	high	20	4	instances/data/n050-set01/family/high-heterogeneous/m4.dat	0	0	0	0	20.000000000000	f33387f7012e50b61d2a656acee9a9da6113ae4d1a38ab9451d4edef4be8dd6a	e6915d3c75a11bbe73676b2ee164f6a5308b9f08b48595740c49d4e741624315
n050-set02	random	medium	10	2	instances/data/n050-set02/random/medium-heterogeneous/m2.dat	0	0	0	0	10.000000000000	49951196a028f0f9828c0feb2b98c04a503f55f0ce4c8141ece46bc521af8fff	15da8f0322027734f8eb169b45675363acc81e02611db744ba7de04985322dfe
n050-set02	random	medium	10	3	instances/data/n050-set02/random/medium-heterogeneous/m3.dat	0	0	0	0	10.000000000000	49951196a028f0f9828c0feb2b98c04a503f55f0ce4c8141ece46bc521af8fff	29c18e680ca9606fbac6ca7dd19bbf305e31eed7c2e83c943af8d191bd9c06c9
n050-set02	random	medium	10	4	instances/data/n050-set02/random/medium-heterogeneous/m4.dat	0	0	0	0	10.000000000000	49951196a028f0f9828c0feb2b98c04a503f55f0ce4c8141ece46bc521af8fff	eb4bc31e1dc3e6ceb74186cf5a1c1a3902fae716466367db07cc242dbe3a6449
n050-set02	random	high	20	2	instances/data/n050-set02/random/high-heterogeneous/m2.dat	0	0	0	0	20.000000000000	2e7e6b392a937fca42f89d5ff65295717c7fc972a28309cb95c5f3faf333d11a	4d440bcf4127105ebde6fe394af6259d3f7496447d1056e96a36bbe3ee42decd
n050-set02	random	high	20	3	instances/data/n050-set02/random/high-heterogeneous/m3.dat	0	0	0	0	20.000000000000	2e7e6b392a937fca42f89d5ff65295717c7fc972a28309cb95c5f3faf333d11a	22b372491286d9cae64671be8ca7956d24f3271f23d89e320d649093543e2631
n050-set02	random	high	20	4	instances/data/n050-set02/random/high-heterogeneous/m4.dat	0	0	0	0	20.000000000000	2e7e6b392a937fca42f89d5ff65295717c7fc972a28309cb95c5f3faf333d11a	caf76d63f737ddcd4cabfe407ed7f2e500a88e632f30f5ca01da5b059827aea7
n050-set02	family	medium	10	2	instances/data/n050-set02/family/medium-heterogeneous/m2.dat	0	0	0	0	10.000000000000	49951196a028f0f9828c0feb2b98c04a503f55f0ce4c8141ece46bc521af8fff	69d2719fcbf9baea670b887103ade2f59e5660c9977d0e5daea7a55dc1b3a339
n050-set02	family	medium	10	3	instances/data/n050-set02/family/medium-heterogeneous/m3.dat	0	0	0	0	10.000000000000	49951196a028f0f9828c0feb2b98c04a503f55f0ce4c8141ece46bc521af8fff	49ff7e359a46504503c7eeebfd5ba1212064d13b33234c50751fae4cbf9fa9d5
n050-set02	family	medium	10	4	instances/data/n050-set02/family/medium-heterogeneous/m4.dat	0	0	0	0	10.000000000000	49951196a028f0f9828c0feb2b98c04a503f55f0ce4c8141ece46bc521af8fff	db9468a8369c00f9d423c7ff13d1b0512f15d5e19af5b6873fe2a262ff08d5d0
n050-set02	family	high	20	2	instances/data/n050-set02/family/high-heterogeneous/m2.dat	0	0	0	0	20.000000000000	2e7e6b392a937fca42f89d5ff65295717c7fc972a28309cb95c5f3faf333d11a	c2f1b5ba25b835fb15f1f4c2e546d41a034e8f85399aa547e2f9ddeec6653633
n050-set02	family	high	20	3	instances/data/n050-set02/family/high-heterogeneous/m3.dat	0	0	0	0	20.000000000000	2e7e6b392a937fca42f89d5ff65295717c7fc972a28309cb95c5f3faf333d11a	fdfe0840a9d3d7bdcb8356ad2ac6a516896e0ce755d6a7b7fc3c615974c1f887
n050-set02	family	high	20	4	instances/data/n050-set02/family/high-heterogeneous/m4.dat	0	0	0	0	20.000000000000	2e7e6b392a937fca42f89d5ff65295717c7fc972a28309cb95c5f3faf333d11a	02a68e71baf5e1fa5f76f96567bdece08ad5da5d3380dca460c9546d85249c1a
n050-set03	random	medium	10	2	instances/data/n050-set03/random/medium-heterogeneous/m2.dat	0	0	0	0	10.000000000000	915f0178cd97ca5f3486ff090c1732ecfeaf5aa0d982e8a4557360c46c2a41ab	6bf392eac20e5f49ecba0af67cd2b1025435ce0f4d8932830d8869c6ab4f685a
n050-set03	random	medium	10	3	instances/data/n050-set03/random/medium-heterogeneous/m3.dat	0	0	0	0	10.000000000000	915f0178cd97ca5f3486ff090c1732ecfeaf5aa0d982e8a4557360c46c2a41ab	f3128313adf3ba378409a5c29675064f501c7d52075a351bc3d85874673066c3
n050-set03	random	medium	10	4	instances/data/n050-set03/random/medium-heterogeneous/m4.dat	0	0	0	0	10.000000000000	915f0178cd97ca5f3486ff090c1732ecfeaf5aa0d982e8a4557360c46c2a41ab	1e7af2a67f3ba50c87a2c51f2f6504e92e4231b12590b75587c64068dec74c18
n050-set03	random	high	20	2	instances/data/n050-set03/random/high-heterogeneous/m2.dat	0	0	0	0	20.000000000000	7c4a64abe8fa2f98a85009cf46742973957c3109a429daaf5f207caf166fc221	1a47ecb747595e33f965a116303f083cd3edd455fe6e8a450ee648caf78d7766
n050-set03	random	high	20	3	instances/data/n050-set03/random/high-heterogeneous/m3.dat	0	0	0	0	20.000000000000	7c4a64abe8fa2f98a85009cf46742973957c3109a429daaf5f207caf166fc221	d98fe958e389b6c09456ab63c3a00a9b176ef4274c3457998b9e8de369cfd982
n050-set03	random	high	20	4	instances/data/n050-set03/random/high-heterogeneous/m4.dat	0	0	0	0	20.000000000000	7c4a64abe8fa2f98a85009cf46742973957c3109a429daaf5f207caf166fc221	3dfceca1d86240287fb12e5f93664a8747539ec6f8f4f859cf46f58c20f59ad4
n050-set03	family	medium	10	2	instances/data/n050-set03/family/medium-heterogeneous/m2.dat	0	0	0	0	10.000000000000	915f0178cd97ca5f3486ff090c1732ecfeaf5aa0d982e8a4557360c46c2a41ab	0d94b57a12d4b5a535f7f256e872654cc0195d1e74c48dbcab1d37d4b4988460
n050-set03	family	medium	10	3	instances/data/n050-set03/family/medium-heterogeneous/m3.dat	0	0	0	0	10.000000000000	915f0178cd97ca5f3486ff090c1732ecfeaf5aa0d982e8a4557360c46c2a41ab	73b3d0e28d27febbc36b2a4eee024d02236477b7a2b4e6f92adfb5bdec9440c7
n050-set03	family	medium	10	4	instances/data/n050-set03/family/medium-heterogeneous/m4.dat	0	0	0	0	10.000000000000	915f0178cd97ca5f3486ff090c1732ecfeaf5aa0d982e8a4557360c46c2a41ab	cfb73cf4ce1fcc08d1d53a0bc50094847c2721210476c14043fbb65cdd9a6f4a
n050-set03	family	high	20	2	instances/data/n050-set03/family/high-heterogeneous/m2.dat	0	0	0	0	20.000000000000	7c4a64abe8fa2f98a85009cf46742973957c3109a429daaf5f207caf166fc221	540d64d2741874bfc2e9e4a709152e0f2e7716afd49254c5894a0f1fd5a6a3ff
n050-set03	family	high	20	3	instances/data/n050-set03/family/high-heterogeneous/m3.dat	0	0	0	0	20.000000000000	7c4a64abe8fa2f98a85009cf46742973957c3109a429daaf5f207caf166fc221	f354d0b77308babf9a28352749f573a58f79e3e27b0bc74cc8e33879fd5230a4
n050-set03	family	high	20	4	instances/data/n050-set03/family/high-heterogeneous/m4.dat	0	0	0	0	20.000000000000	7c4a64abe8fa2f98a85009cf46742973957c3109a429daaf5f207caf166fc221	41d144f1770f44bf8a38d93e44a181a594ad2063b1fe2887b8e2e4072e011545
n050-set04	random	medium	10	2	instances/data/n050-set04/random/medium-heterogeneous/m2.dat	0	0	0	0	10.000000000000	22281f4260a590677802b76f401344e31a848888bc7cdddaf251b5e6820f9d9e	4cda2cc403ea10f1cc97ba1600c04a9577c03924ebe0ef88d2aa8a13419c3403
n050-set04	random	medium	10	3	instances/data/n050-set04/random/medium-heterogeneous/m3.dat	0	0	0	0	10.000000000000	22281f4260a590677802b76f401344e31a848888bc7cdddaf251b5e6820f9d9e	cc4ee710c1732bdf9b12ef96ab2f6222720ca583c7073340d607eec69c7b0b35
n050-set04	random	medium	10	4	instances/data/n050-set04/random/medium-heterogeneous/m4.dat	0	0	0	0	10.000000000000	22281f4260a590677802b76f401344e31a848888bc7cdddaf251b5e6820f9d9e	d30379158ce01140b97e08cb0cba02e0198c46ea99d5376c1200d69b77763308
n050-set04	random	high	20	2	instances/data/n050-set04/random/high-heterogeneous/m2.dat	0	0	0	0	20.000000000000	347638970ea42da0d7d21cceebc740613fe8dba7f34fb777cc6f3ad92f8d186a	128e18fecec82a506dff8d312a4afdbd9a10db513434167e19952b3ad7bfa8e1
n050-set04	random	high	20	3	instances/data/n050-set04/random/high-heterogeneous/m3.dat	0	0	0	0	20.000000000000	347638970ea42da0d7d21cceebc740613fe8dba7f34fb777cc6f3ad92f8d186a	ce3d1d9f1e4a6124c72f9586facaa44a27a368458f9a6ec220b835954ca0083b
n050-set04	random	high	20	4	instances/data/n050-set04/random/high-heterogeneous/m4.dat	0	0	0	0	20.000000000000	347638970ea42da0d7d21cceebc740613fe8dba7f34fb777cc6f3ad92f8d186a	47f198225ffec5a257623442c7405a50ac2dc39519d33a1694005ba49d702050
n050-set04	family	medium	10	2	instances/data/n050-set04/family/medium-heterogeneous/m2.dat	0	0	0	0	10.000000000000	22281f4260a590677802b76f401344e31a848888bc7cdddaf251b5e6820f9d9e	21d763dca6dbd8300092bb3cde2759a4e41f1ba17e20f0c7281f2454ceae2745
n050-set04	family	medium	10	3	instances/data/n050-set04/family/medium-heterogeneous/m3.dat	0	0	0	0	10.000000000000	22281f4260a590677802b76f401344e31a848888bc7cdddaf251b5e6820f9d9e	c626093026cb0082515ae38e3023f7ee97bf11b0fab65355df586620d0708abd
n050-set04	family	medium	10	4	instances/data/n050-set04/family/medium-heterogeneous/m4.dat	0	0	0	0	10.000000000000	22281f4260a590677802b76f401344e31a848888bc7cdddaf251b5e6820f9d9e	c071c315344853b387ee8c72be71dd49d88933be003b561021ee6043d552d8a7
n050-set04	family	high	20	2	instances/data/n050-set04/family/high-heterogeneous/m2.dat	0	0	0	0	20.000000000000	347638970ea42da0d7d21cceebc740613fe8dba7f34fb777cc6f3ad92f8d186a	0a84575bc0fc67bff32f7ea2f0235f08dd18bf1a1249031a09218b9267a5fe2a
n050-set04	family	high	20	3	instances/data/n050-set04/family/high-heterogeneous/m3.dat	0	0	0	0	20.000000000000	347638970ea42da0d7d21cceebc740613fe8dba7f34fb777cc6f3ad92f8d186a	243d711c48e3e2f101083c0d4f527998c84ccca57d447f4e3838695775d29a7d
n050-set04	family	high	20	4	instances/data/n050-set04/family/high-heterogeneous/m4.dat	0	0	0	0	20.000000000000	347638970ea42da0d7d21cceebc740613fe8dba7f34fb777cc6f3ad92f8d186a	c8d2245f329a7dd0b5f46ba1a47a16f57b94a97883fa5cd8bcdbb2818263f406
n050-set05	random	medium	10	2	instances/data/n050-set05/random/medium-heterogeneous/m2.dat	0	0	0	0	10.000000000000	3cb16fedc3ba624449f19bb1618b11f09b8b04e090bbb4396cf85c7705120b45	d26dbd12caf98d02887ed25d6e8d1c61dd6f7a30f3c97896c771b5d441c66898
n050-set05	random	medium	10	3	instances/data/n050-set05/random/medium-heterogeneous/m3.dat	0	0	0	0	10.000000000000	3cb16fedc3ba624449f19bb1618b11f09b8b04e090bbb4396cf85c7705120b45	0854301a46b0b9680879bf47b9a4daf494372a326aeefe92b15d4927f577119a
n050-set05	random	medium	10	4	instances/data/n050-set05/random/medium-heterogeneous/m4.dat	0	0	0	0	10.000000000000	3cb16fedc3ba624449f19bb1618b11f09b8b04e090bbb4396cf85c7705120b45	3e24c4e4260377801179786fd6c4e1181e0e0a79991d8bf7f89f4d1e5fe3ce91
n050-set05	random	high	20	2	instances/data/n050-set05/random/high-heterogeneous/m2.dat	0	0	0	0	20.000000000000	b85c9083a5d882222990c9a481c032c03a0656d6de986f16fb302c3441f27a31	e2554fa16f7850712dadfad5c1fc531753ad55b43e39318bb7acf10a9115ea63
n050-set05	random	high	20	3	instances/data/n050-set05/random/high-heterogeneous/m3.dat	0	0	0	0	20.000000000000	b85c9083a5d882222990c9a481c032c03a0656d6de986f16fb302c3441f27a31	1d06f0a7d96a1e943820db2ededb2950a81c16d558bf9ba4907d627af38b3f18
n050-set05	random	high	20	4	instances/data/n050-set05/random/high-heterogeneous/m4.dat	0	0	0	0	20.000000000000	b85c9083a5d882222990c9a481c032c03a0656d6de986f16fb302c3441f27a31	17552e76e5dc75c28d59d8e331dd94528a9a5b37174952ff05a9ef92463d5d4c
n050-set05	family	medium	10	2	instances/data/n050-set05/family/medium-heterogeneous/m2.dat	0	0	0	0	10.000000000000	3cb16fedc3ba624449f19bb1618b11f09b8b04e090bbb4396cf85c7705120b45	37f8a57fb6626bd7be716874807d7116ecb78c592d6d47278712957c827f885b
n050-set05	family	medium	10	3	instances/data/n050-set05/family/medium-heterogeneous/m3.dat	0	0	0	0	10.000000000000	3cb16fedc3ba624449f19bb1618b11f09b8b04e090bbb4396cf85c7705120b45	53abcf7c391aaa4b1b03bbad8391eaf3ceec27f996869bc4b9dbc9cd11e0fd53
n050-set05	family	medium	10	4	instances/data/n050-set05/family/medium-heterogeneous/m4.dat	0	0	0	0	10.000000000000	3cb16fedc3ba624449f19bb1618b11f09b8b04e090bbb4396cf85c7705120b45	ae2113b264fd9f8322a89c3b0139ea3ba73b302c9275dcda2a7e0067be42e0ed
n050-set05	family	high	20	2	instances/data/n050-set05/family/high-heterogeneous/m2.dat	0	0	0	0	20.000000000000	b85c9083a5d882222990c9a481c032c03a0656d6de986f16fb302c3441f27a31	d8006ff9f4cd1db04aac73a326b732f5728e9e2d8f5ffcada69098e1a7cbd9fa
n050-set05	family	high	20	3	instances/data/n050-set05/family/high-heterogeneous/m3.dat	0	0	0	0	20.000000000000	b85c9083a5d882222990c9a481c032c03a0656d6de986f16fb302c3441f27a31	56546fd6cafd3daba19d95d48ff225f3172a13d5bbe0ad6b0cc6c26eb621fda4
n050-set05	family	high	20	4	instances/data/n050-set05/family/high-heterogeneous/m4.dat	0	0	0	0	20.000000000000	b85c9083a5d882222990c9a481c032c03a0656d6de986f16fb302c3441f27a31	28c8b056bbd9dbe6304820dbd7cf0125f714529c445ff409d51052ba47413a4e
n060-set01	random	medium	10	2	instances/data/n060-set01/random/medium-heterogeneous/m2.dat	0	0	0	0	10.000000000000	79ad5ff2f352ef86f8e2b3c37baf274495e99fe0bf0acc8ebf364a72ade06ed4	ddd85624fb06c677fc0bab464e1e29ebfbc576c171ad2eeaafdd321127a68f1d
n060-set01	random	medium	10	3	instances/data/n060-set01/random/medium-heterogeneous/m3.dat	0	0	0	0	10.000000000000	79ad5ff2f352ef86f8e2b3c37baf274495e99fe0bf0acc8ebf364a72ade06ed4	37a2f108df3e98b03f939c79e07b2aeaa07fa6b4a584b9f79723367285b98e08
n060-set01	random	medium	10	4	instances/data/n060-set01/random/medium-heterogeneous/m4.dat	0	0	0	0	10.000000000000	79ad5ff2f352ef86f8e2b3c37baf274495e99fe0bf0acc8ebf364a72ade06ed4	d1df52059cc14f1ed60453776e894c01dffa079213869c6d6341d7260c1c87fc
n060-set01	random	high	20	2	instances/data/n060-set01/random/high-heterogeneous/m2.dat	0	0	0	0	20.000000000000	7257c53480c7a3ae7f94d10d9dd147cd11f3e5bb61c5ca22a8b048072d200a16	6d18aa779e7414d47f1728789bc4149b6559ea6af812ca99e49309689077c450
n060-set01	random	high	20	3	instances/data/n060-set01/random/high-heterogeneous/m3.dat	0	0	0	0	20.000000000000	7257c53480c7a3ae7f94d10d9dd147cd11f3e5bb61c5ca22a8b048072d200a16	91fdecfae2aa2596c8e701a6561d4dd6adcbdb6a8a827e9a7d4707b7a01915f2
n060-set01	random	high	20	4	instances/data/n060-set01/random/high-heterogeneous/m4.dat	0	0	0	0	20.000000000000	7257c53480c7a3ae7f94d10d9dd147cd11f3e5bb61c5ca22a8b048072d200a16	a2bf732f23d499bc2c1b3dfb2908d7a9780e0451e677b3d5154fd675d68ad87a
n060-set01	family	medium	10	2	instances/data/n060-set01/family/medium-heterogeneous/m2.dat	0	0	0	0	10.000000000000	79ad5ff2f352ef86f8e2b3c37baf274495e99fe0bf0acc8ebf364a72ade06ed4	4a095388229beb1eee7b336a06fc505037dfbd9b188b44cd6a151cf45cbc1dee
n060-set01	family	medium	10	3	instances/data/n060-set01/family/medium-heterogeneous/m3.dat	0	0	0	0	10.000000000000	79ad5ff2f352ef86f8e2b3c37baf274495e99fe0bf0acc8ebf364a72ade06ed4	e0958cda27bc6076a15b8cb2b6066c003075d9235c4e830af9a17d58497e7814
n060-set01	family	medium	10	4	instances/data/n060-set01/family/medium-heterogeneous/m4.dat	0	0	0	0	10.000000000000	79ad5ff2f352ef86f8e2b3c37baf274495e99fe0bf0acc8ebf364a72ade06ed4	771e71ae85da07f19102d8898a2054950d77ec26bc43e7778ed7c68d5393ecf3
n060-set01	family	high	20	2	instances/data/n060-set01/family/high-heterogeneous/m2.dat	0	0	0	0	20.000000000000	7257c53480c7a3ae7f94d10d9dd147cd11f3e5bb61c5ca22a8b048072d200a16	39c2d0ec7b8b56dc151e8ff99f57d44ca67467868ab097c41bec2c66fd6483fb
n060-set01	family	high	20	3	instances/data/n060-set01/family/high-heterogeneous/m3.dat	0	0	0	0	20.000000000000	7257c53480c7a3ae7f94d10d9dd147cd11f3e5bb61c5ca22a8b048072d200a16	7ad242ed654885193ec31430fb5dce4b626009fcbc2cb45dfd76ed458513d21d
n060-set01	family	high	20	4	instances/data/n060-set01/family/high-heterogeneous/m4.dat	0	0	0	0	20.000000000000	7257c53480c7a3ae7f94d10d9dd147cd11f3e5bb61c5ca22a8b048072d200a16	12684fc3e9e49bec86666fe6c4a13d303c6e8f375de92f073fb3fa136e97654d
n060-set02	random	medium	10	2	instances/data/n060-set02/random/medium-heterogeneous/m2.dat	0	0	0	0	10.000000000000	725a77f18a5b55b56db148155eb5e5a3d5b837dde5550ee33ed0423fa111458d	800d8e6d765cd0ea664d61497e5102711e53fa8883efe38a71f1a8ee6e5da94b
n060-set02	random	medium	10	3	instances/data/n060-set02/random/medium-heterogeneous/m3.dat	0	0	0	0	10.000000000000	725a77f18a5b55b56db148155eb5e5a3d5b837dde5550ee33ed0423fa111458d	509ab3f075bafb65509bd51783fde63515d9af2ec3dd29557ea8955839cacce5
n060-set02	random	medium	10	4	instances/data/n060-set02/random/medium-heterogeneous/m4.dat	0	0	0	0	10.000000000000	725a77f18a5b55b56db148155eb5e5a3d5b837dde5550ee33ed0423fa111458d	6e9ae3dde9fb1942a4ff3b3184425e805935c93fbe4dbca45f3fab26958039e4
n060-set02	random	high	20	2	instances/data/n060-set02/random/high-heterogeneous/m2.dat	0	0	0	0	20.000000000000	9d0103d7b9b5b83c32bda8c46054c49b538ad2c49c12910a6faa9fc6791928c9	3ebe35f10ea90b3fc65b61767fa3c885cd3f7e5056a6b56bfb6022b7d92733e0
n060-set02	random	high	20	3	instances/data/n060-set02/random/high-heterogeneous/m3.dat	0	0	0	0	20.000000000000	9d0103d7b9b5b83c32bda8c46054c49b538ad2c49c12910a6faa9fc6791928c9	3ad0182e78619790cc2edd564b648e1ba1c8db56382eb85046008464e8a665cc
n060-set02	random	high	20	4	instances/data/n060-set02/random/high-heterogeneous/m4.dat	0	0	0	0	20.000000000000	9d0103d7b9b5b83c32bda8c46054c49b538ad2c49c12910a6faa9fc6791928c9	59673b8666cbb895284f7ff4fa1e1f2cafecb927b43138223588fe6005645475
n060-set02	family	medium	10	2	instances/data/n060-set02/family/medium-heterogeneous/m2.dat	0	0	0	0	10.000000000000	725a77f18a5b55b56db148155eb5e5a3d5b837dde5550ee33ed0423fa111458d	b9f61e12fc0b90cc1d2a01fb9426718b923d5faa893913229250b24ddcd3a370
n060-set02	family	medium	10	3	instances/data/n060-set02/family/medium-heterogeneous/m3.dat	0	0	0	0	10.000000000000	725a77f18a5b55b56db148155eb5e5a3d5b837dde5550ee33ed0423fa111458d	146aa1487534bfee4c890ec17f9deea1fbe7657d7143ceb4eecdbb707c7d1397
n060-set02	family	medium	10	4	instances/data/n060-set02/family/medium-heterogeneous/m4.dat	0	0	0	0	10.000000000000	725a77f18a5b55b56db148155eb5e5a3d5b837dde5550ee33ed0423fa111458d	f04a22fe68e00481e03c8e89894cf81243b7e4e63ab3794f672f99c811282501
n060-set02	family	high	20	2	instances/data/n060-set02/family/high-heterogeneous/m2.dat	0	0	0	0	20.000000000000	9d0103d7b9b5b83c32bda8c46054c49b538ad2c49c12910a6faa9fc6791928c9	ac3eec7f7c06f3b27ce179b7f6ecc31e1484cc205b9abe3194c8d232ea118dd5
n060-set02	family	high	20	3	instances/data/n060-set02/family/high-heterogeneous/m3.dat	0	0	0	0	20.000000000000	9d0103d7b9b5b83c32bda8c46054c49b538ad2c49c12910a6faa9fc6791928c9	bd800ddeaa22a514d5374db3b894dbd15703a6fba93e7a43e33bb8ae4f72828a
n060-set02	family	high	20	4	instances/data/n060-set02/family/high-heterogeneous/m4.dat	0	0	0	0	20.000000000000	9d0103d7b9b5b83c32bda8c46054c49b538ad2c49c12910a6faa9fc6791928c9	cbc9ba6933ee0e17dd352415be753acba14e8b46737c338d87fe958236c9d296
n060-set03	random	medium	10	2	instances/data/n060-set03/random/medium-heterogeneous/m2.dat	0	0	0	0	10.000000000000	b4d61e70d7b23b602c67d9c67ff12f9c51713a00c42450526a176c2f84e66cf3	ebae152d4c5bb301a1101323361331aada9ef355c96093f81b12f771a69a8272
n060-set03	random	medium	10	3	instances/data/n060-set03/random/medium-heterogeneous/m3.dat	0	0	0	0	10.000000000000	b4d61e70d7b23b602c67d9c67ff12f9c51713a00c42450526a176c2f84e66cf3	ee9f111797dc40de6f300f299d92d098ebd3a3e3ac8c7733160d19adb6f8eb7c
n060-set03	random	medium	10	4	instances/data/n060-set03/random/medium-heterogeneous/m4.dat	0	0	0	0	10.000000000000	b4d61e70d7b23b602c67d9c67ff12f9c51713a00c42450526a176c2f84e66cf3	7cb343fa673cb947971311350a24c4fa50a2607769453b43ca573b7b2f688d5a
n060-set03	random	high	20	2	instances/data/n060-set03/random/high-heterogeneous/m2.dat	0	0	0	0	20.000000000000	f07a65261de2efe803872fc6d3f7e89e37ebae05651f130bd375ea198fda8ce7	e4f41cfa21227a6d2ee3ab6000fc404f32e6edd8fd8cd273ff5c1e9f34688d4f
n060-set03	random	high	20	3	instances/data/n060-set03/random/high-heterogeneous/m3.dat	0	0	0	0	20.000000000000	f07a65261de2efe803872fc6d3f7e89e37ebae05651f130bd375ea198fda8ce7	5eb1d236da883c78ec6bf2d64ee043882a2314d3d579bd1126d3bf71112fc663
n060-set03	random	high	20	4	instances/data/n060-set03/random/high-heterogeneous/m4.dat	0	0	0	0	20.000000000000	f07a65261de2efe803872fc6d3f7e89e37ebae05651f130bd375ea198fda8ce7	8fd787edef126d6dcaf566410a85a568a902b511b6251e063d5eb00ffc3b8f58
n060-set03	family	medium	10	2	instances/data/n060-set03/family/medium-heterogeneous/m2.dat	0	0	0	0	10.000000000000	b4d61e70d7b23b602c67d9c67ff12f9c51713a00c42450526a176c2f84e66cf3	a76326f54bd48bc1ada11e8b97036cab28c8b02638b9cd21d40dd074ef022515
n060-set03	family	medium	10	3	instances/data/n060-set03/family/medium-heterogeneous/m3.dat	0	0	0	0	10.000000000000	b4d61e70d7b23b602c67d9c67ff12f9c51713a00c42450526a176c2f84e66cf3	49b121129d9e016ce0e39eef8fad91d8d4b3ffdecc1c83411fdb9159e1ea15a0
n060-set03	family	medium	10	4	instances/data/n060-set03/family/medium-heterogeneous/m4.dat	0	0	0	0	10.000000000000	b4d61e70d7b23b602c67d9c67ff12f9c51713a00c42450526a176c2f84e66cf3	fbe4ccec186a616ebd2c08ab49decf970b6a762e878eca27ae8f433afd84a560
n060-set03	family	high	20	2	instances/data/n060-set03/family/high-heterogeneous/m2.dat	0	0	0	0	20.000000000000	f07a65261de2efe803872fc6d3f7e89e37ebae05651f130bd375ea198fda8ce7	22d4cf03a20c92d929eddcc7b1cc2e59d82931123fc6ac70221bdb982b6642eb
n060-set03	family	high	20	3	instances/data/n060-set03/family/high-heterogeneous/m3.dat	0	0	0	0	20.000000000000	f07a65261de2efe803872fc6d3f7e89e37ebae05651f130bd375ea198fda8ce7	d689ac9c4a68322d102272903ed7df19ef549fe8f024d4edabd2c0b7ecf00a69
n060-set03	family	high	20	4	instances/data/n060-set03/family/high-heterogeneous/m4.dat	0	0	0	0	20.000000000000	f07a65261de2efe803872fc6d3f7e89e37ebae05651f130bd375ea198fda8ce7	c5c530cc2a3322c67d0d97b3525f5c66b3b38940929324a38c7af1cc0f1c7afe
n060-set04	random	medium	10	2	instances/data/n060-set04/random/medium-heterogeneous/m2.dat	0	0	0	0	10.000000000000	40af7291c9cf2538dd5ff9bee7f680d31666b0873520e90df18549fb9d222bc5	6eefd617222c3af6ba1d77a92a4fb7a7337243437be70167e776ef6623716658
n060-set04	random	medium	10	3	instances/data/n060-set04/random/medium-heterogeneous/m3.dat	0	0	0	0	10.000000000000	40af7291c9cf2538dd5ff9bee7f680d31666b0873520e90df18549fb9d222bc5	beae151e574097ffa7113604556f201e2d39abfd444bdb2dffb490bbcead7cc5
n060-set04	random	medium	10	4	instances/data/n060-set04/random/medium-heterogeneous/m4.dat	0	0	0	0	10.000000000000	40af7291c9cf2538dd5ff9bee7f680d31666b0873520e90df18549fb9d222bc5	caf6b3a3852e156e2428bc78285a35be4470d3ef571f70a63ee6848a49014e73
n060-set04	random	high	20	2	instances/data/n060-set04/random/high-heterogeneous/m2.dat	0	0	0	0	20.000000000000	6178e2ef7a0d23674832a8793e07c9b235161f428a7c1554a0101fe5ced11a60	5683af375190cbb8b3c9834039b514956230b2bbd0348d25fb3df193b1f07569
n060-set04	random	high	20	3	instances/data/n060-set04/random/high-heterogeneous/m3.dat	0	0	0	0	20.000000000000	6178e2ef7a0d23674832a8793e07c9b235161f428a7c1554a0101fe5ced11a60	75e1174198278addb158765739120930bc2dd12b3a2246e504e55153d3ce7d57
n060-set04	random	high	20	4	instances/data/n060-set04/random/high-heterogeneous/m4.dat	0	0	0	0	20.000000000000	6178e2ef7a0d23674832a8793e07c9b235161f428a7c1554a0101fe5ced11a60	5378a82052633e5bc9aa1b9faf878b8bd302decc580dc9d881232f2bb3e9d938
n060-set04	family	medium	10	2	instances/data/n060-set04/family/medium-heterogeneous/m2.dat	0	0	0	0	10.000000000000	40af7291c9cf2538dd5ff9bee7f680d31666b0873520e90df18549fb9d222bc5	0a38e070f56303ab49d2e4fef85d213aac21b08dceee47f7f144aedadade4940
n060-set04	family	medium	10	3	instances/data/n060-set04/family/medium-heterogeneous/m3.dat	0	0	0	0	10.000000000000	40af7291c9cf2538dd5ff9bee7f680d31666b0873520e90df18549fb9d222bc5	0c932a0501516b95c4f0090b8558115b2d532a85d08aa35d36bb2489f2c3937f
n060-set04	family	medium	10	4	instances/data/n060-set04/family/medium-heterogeneous/m4.dat	0	0	0	0	10.000000000000	40af7291c9cf2538dd5ff9bee7f680d31666b0873520e90df18549fb9d222bc5	43719a75e79ef5ef6504684792b64b47a46f8adff816b81cdbbf62a0346f5623
n060-set04	family	high	20	2	instances/data/n060-set04/family/high-heterogeneous/m2.dat	0	0	0	0	20.000000000000	6178e2ef7a0d23674832a8793e07c9b235161f428a7c1554a0101fe5ced11a60	c106e329a3b4ac5e6b2f2d3c4ca4d87668aaab8d69a68095b41696c3924b26c7
n060-set04	family	high	20	3	instances/data/n060-set04/family/high-heterogeneous/m3.dat	0	0	0	0	20.000000000000	6178e2ef7a0d23674832a8793e07c9b235161f428a7c1554a0101fe5ced11a60	90584272145cdb3453ceb5ba07e165d1fe6167aa7c67cd26497424c2ba1e915f
n060-set04	family	high	20	4	instances/data/n060-set04/family/high-heterogeneous/m4.dat	0	0	0	0	20.000000000000	6178e2ef7a0d23674832a8793e07c9b235161f428a7c1554a0101fe5ced11a60	223111b92b6898e602b0e85f6362e55113a9ff9846a46ffbd243f7cc7c53e603
n060-set05	random	medium	10	2	instances/data/n060-set05/random/medium-heterogeneous/m2.dat	0	0	0	0	10.000000000000	ba2a323a259576f5220a715eabc669b72bf014c04bdc3f33f1f595990ce8c844	96fed5a525300d50bbf024f1736ecad19f7e3ebc3f1217e3a7b2711522d6f0a2
n060-set05	random	medium	10	3	instances/data/n060-set05/random/medium-heterogeneous/m3.dat	0	0	0	0	10.000000000000	ba2a323a259576f5220a715eabc669b72bf014c04bdc3f33f1f595990ce8c844	35033f38fc73b28aabec1270c15006e1f163fc28a62f458c5ec3db86062ead76
n060-set05	random	medium	10	4	instances/data/n060-set05/random/medium-heterogeneous/m4.dat	0	0	0	0	10.000000000000	ba2a323a259576f5220a715eabc669b72bf014c04bdc3f33f1f595990ce8c844	df3255143c90036703cbfa92b04b75ccce59d53391b6f875cb82eec0846c3cd6
n060-set05	random	high	20	2	instances/data/n060-set05/random/high-heterogeneous/m2.dat	0	0	0	0	20.000000000000	6cba9dfb83efc99c977d316b2a0f153aa2a5b6896b3191a774c6b662a5506096	497f7e6efa0ca9c98f07395a33bdc702eacdaebf7f6effda1da2ac253c54f05b
n060-set05	random	high	20	3	instances/data/n060-set05/random/high-heterogeneous/m3.dat	0	0	0	0	20.000000000000	6cba9dfb83efc99c977d316b2a0f153aa2a5b6896b3191a774c6b662a5506096	20472f5d74efda69a3d145996523f3a23c6d4f3576117df939f9ebf3de5b77b5
n060-set05	random	high	20	4	instances/data/n060-set05/random/high-heterogeneous/m4.dat	0	0	0	0	20.000000000000	6cba9dfb83efc99c977d316b2a0f153aa2a5b6896b3191a774c6b662a5506096	1a721e9ba40aa7bf0afb7efbd983f5659f602b9c945e3c1bdf0529ffca7a4d2e
n060-set05	family	medium	10	2	instances/data/n060-set05/family/medium-heterogeneous/m2.dat	0	0	0	0	10.000000000000	ba2a323a259576f5220a715eabc669b72bf014c04bdc3f33f1f595990ce8c844	ee1fa2a4da27411573a47fcb231b55885191dcb2e7d9bc1d60f23342c1ed06b5
n060-set05	family	medium	10	3	instances/data/n060-set05/family/medium-heterogeneous/m3.dat	0	0	0	0	10.000000000000	ba2a323a259576f5220a715eabc669b72bf014c04bdc3f33f1f595990ce8c844	7be7f3f2b484fa3469fd4ad6e3bcbc21978e3c4bcf3a66bd62f7e0c3de57a057
n060-set05	family	medium	10	4	instances/data/n060-set05/family/medium-heterogeneous/m4.dat	0	0	0	0	10.000000000000	ba2a323a259576f5220a715eabc669b72bf014c04bdc3f33f1f595990ce8c844	a9eb2b5878dbe8721d965a1664023cf7cdacf0708f555d0985bfd929b2f82f92
n060-set05	family	high	20	2	instances/data/n060-set05/family/high-heterogeneous/m2.dat	0	0	0	0	20.000000000000	6cba9dfb83efc99c977d316b2a0f153aa2a5b6896b3191a774c6b662a5506096	b2dcdd641ad7344b14972724efec1be47b1fb449efce2010ff044c547da4fed9
n060-set05	family	high	20	3	instances/data/n060-set05/family/high-heterogeneous/m3.dat	0	0	0	0	20.000000000000	6cba9dfb83efc99c977d316b2a0f153aa2a5b6896b3191a774c6b662a5506096	5971c6bdac1b2ef85a1727ae774198fa9d3ebd8a59ab2867dd0e5a28f6c5d001
n060-set05	family	high	20	4	instances/data/n060-set05/family/high-heterogeneous/m4.dat	0	0	0	0	20.000000000000	6cba9dfb83efc99c977d316b2a0f153aa2a5b6896b3191a774c6b662a5506096	cbd52cc0a0b8a6e4105a83992653fe1a0b133c7c042701c3358e0b194346aff7
n080-set01	random	medium	10	3	instances/data/n080-set01/random/medium-heterogeneous/m3.dat	0	0	0	0	10.000000000000	e5defcb97b9492abb023a69a328132964256aefd1d0d855356dfaea77c60fd24	30c92969d7a797f537b36e86dd12cbf8448ab8bf70f606ab4d340b693c3f48c6
n080-set01	random	medium	10	4	instances/data/n080-set01/random/medium-heterogeneous/m4.dat	0	0	0	0	10.000000000000	e5defcb97b9492abb023a69a328132964256aefd1d0d855356dfaea77c60fd24	a03eb7f01ff95866ef2852b546591bfea83272062d721985c81c92010782b3f7
n080-set01	random	medium	10	5	instances/data/n080-set01/random/medium-heterogeneous/m5.dat	0	0	0	0	10.000000000000	e5defcb97b9492abb023a69a328132964256aefd1d0d855356dfaea77c60fd24	a50753b95fd4e45865232038d39e950becbb798e29939f7030bce084a643ca72
n080-set01	random	high	20	3	instances/data/n080-set01/random/high-heterogeneous/m3.dat	0	0	0	0	20.000000000000	a68db4df3c8989a01f9d41aaeea61ee9b471519d793adff90276b25e3c465d82	886cef6adc3a468b950b671d243c70609d06236a95354da04345cda72f66b8a2
n080-set01	random	high	20	4	instances/data/n080-set01/random/high-heterogeneous/m4.dat	0	0	0	0	20.000000000000	a68db4df3c8989a01f9d41aaeea61ee9b471519d793adff90276b25e3c465d82	1c7eefe1e618df69fc3c606a839b7e98b88f12c470b9440c6af0937b1027b5d1
n080-set01	random	high	20	5	instances/data/n080-set01/random/high-heterogeneous/m5.dat	0	0	0	0	20.000000000000	a68db4df3c8989a01f9d41aaeea61ee9b471519d793adff90276b25e3c465d82	d2e340f17f0523e22b250a74414e7b74759fb47e62b58ff43ee33d2433cbb857
n080-set01	family	medium	10	3	instances/data/n080-set01/family/medium-heterogeneous/m3.dat	0	0	0	0	10.000000000000	e5defcb97b9492abb023a69a328132964256aefd1d0d855356dfaea77c60fd24	486593cf5fb51360cc2fb31188b5af62c274329b0367850a861c8ff3ab815c13
n080-set01	family	medium	10	4	instances/data/n080-set01/family/medium-heterogeneous/m4.dat	0	0	0	0	10.000000000000	e5defcb97b9492abb023a69a328132964256aefd1d0d855356dfaea77c60fd24	39a6809957359fc0ce8877ffd38dd04f135f8017c05e98d07ab5fa8bdd559d3b
n080-set01	family	medium	10	5	instances/data/n080-set01/family/medium-heterogeneous/m5.dat	0	0	0	0	10.000000000000	e5defcb97b9492abb023a69a328132964256aefd1d0d855356dfaea77c60fd24	312899b632268a7b241232e38ceb44e936085275c4c9e0fdf76002e5141d7807
n080-set01	family	high	20	3	instances/data/n080-set01/family/high-heterogeneous/m3.dat	0	0	0	0	20.000000000000	a68db4df3c8989a01f9d41aaeea61ee9b471519d793adff90276b25e3c465d82	09f55a4c957460cfa1ba5620a0cad18a7fff2fc2f3499798d4e824738a62661f
n080-set01	family	high	20	4	instances/data/n080-set01/family/high-heterogeneous/m4.dat	0	0	0	0	20.000000000000	a68db4df3c8989a01f9d41aaeea61ee9b471519d793adff90276b25e3c465d82	85e9f386e2917810ea01a9a6620e6ec961d478df6018611a6af41fc6228ccf33
n080-set01	family	high	20	5	instances/data/n080-set01/family/high-heterogeneous/m5.dat	0	0	0	0	20.000000000000	a68db4df3c8989a01f9d41aaeea61ee9b471519d793adff90276b25e3c465d82	b093fbdf2df88f138c4027b34996e546573e479e893d696f4aa9de62137bc861
n080-set02	random	medium	10	3	instances/data/n080-set02/random/medium-heterogeneous/m3.dat	0	0	0	0	10.000000000000	93ff1a5ddee561a092d8179b3af90a558fcae539501aaa84dadd9f85f19b3db7	5327af566f1c5f7ab7b677f8d186fb1458b5e6f8dcfcb0e75671e95541e758ba
n080-set02	random	medium	10	4	instances/data/n080-set02/random/medium-heterogeneous/m4.dat	0	0	0	0	10.000000000000	93ff1a5ddee561a092d8179b3af90a558fcae539501aaa84dadd9f85f19b3db7	b8fa510ea91566a5896a7b9d6eddd2713450f83a4ce15a4af2ba41cf736e2b5c
n080-set02	random	medium	10	5	instances/data/n080-set02/random/medium-heterogeneous/m5.dat	0	0	0	0	10.000000000000	93ff1a5ddee561a092d8179b3af90a558fcae539501aaa84dadd9f85f19b3db7	e22660ffd2574a2a9fff2e347ede3be0d8c5ea6a8ec6339bf869a5825283a5bd
n080-set02	random	high	20	3	instances/data/n080-set02/random/high-heterogeneous/m3.dat	0	0	0	0	20.000000000000	b3dac741afc3a4579841d8ce855a05e350f958db5d2c9dd1cab03c2480dcb80f	0de695110e7dbd1ebcbe7c7c69c3ac60fd2adf544f325e5039e3b77b239a099b
n080-set02	random	high	20	4	instances/data/n080-set02/random/high-heterogeneous/m4.dat	0	0	0	0	20.000000000000	b3dac741afc3a4579841d8ce855a05e350f958db5d2c9dd1cab03c2480dcb80f	a685189c4f8bd362403fdc0a5fbd776312d3265fd3a22a7f0c348bd406d12df7
n080-set02	random	high	20	5	instances/data/n080-set02/random/high-heterogeneous/m5.dat	0	0	0	0	20.000000000000	b3dac741afc3a4579841d8ce855a05e350f958db5d2c9dd1cab03c2480dcb80f	f88514e2786088c2142a5bd74a0838d3bb8dfa6b43e3688ba48f0d06f41638d5
n080-set02	family	medium	10	3	instances/data/n080-set02/family/medium-heterogeneous/m3.dat	0	0	0	0	10.000000000000	93ff1a5ddee561a092d8179b3af90a558fcae539501aaa84dadd9f85f19b3db7	799429831dd2291d13389f9a45a05f7505729b65f86f22c038dbb55dda61bb1c
n080-set02	family	medium	10	4	instances/data/n080-set02/family/medium-heterogeneous/m4.dat	0	0	0	0	10.000000000000	93ff1a5ddee561a092d8179b3af90a558fcae539501aaa84dadd9f85f19b3db7	c3321c1f276c6705b72e0c5e8016417f40e1b7b081877e89bb64dc13a02b92c7
n080-set02	family	medium	10	5	instances/data/n080-set02/family/medium-heterogeneous/m5.dat	0	0	0	0	10.000000000000	93ff1a5ddee561a092d8179b3af90a558fcae539501aaa84dadd9f85f19b3db7	7337877ab06aa8c337e19ede2f867a74bb55be66f399de020a9b5f1a99e2b78b
n080-set02	family	high	20	3	instances/data/n080-set02/family/high-heterogeneous/m3.dat	0	0	0	0	20.000000000000	b3dac741afc3a4579841d8ce855a05e350f958db5d2c9dd1cab03c2480dcb80f	d2b282cbf254787c7622a8dd32ee3ca61748d33e31374d9995b09e1b648c0e33
n080-set02	family	high	20	4	instances/data/n080-set02/family/high-heterogeneous/m4.dat	0	0	0	0	20.000000000000	b3dac741afc3a4579841d8ce855a05e350f958db5d2c9dd1cab03c2480dcb80f	4b164f6d58bd0a4b63cae679e98e177a0ba6b506b7e25be03ce170b24e83e30f
n080-set02	family	high	20	5	instances/data/n080-set02/family/high-heterogeneous/m5.dat	0	0	0	0	20.000000000000	b3dac741afc3a4579841d8ce855a05e350f958db5d2c9dd1cab03c2480dcb80f	1f99f953195b9278d36d0ddcd8eb90f264af610ce2ce9c48338edd66101ba0e1
n080-set03	random	medium	10	3	instances/data/n080-set03/random/medium-heterogeneous/m3.dat	0	0	0	0	10.000000000000	94eb21e1ab4357703deeaa4c9565aaef5a3fdf6995a018698b146f0d0edea67f	2299cac5a0f2be23e4ccfab9d1dc75fc1e2b294d23899125079f6e4c91e16bc3
n080-set03	random	medium	10	4	instances/data/n080-set03/random/medium-heterogeneous/m4.dat	0	0	0	0	10.000000000000	94eb21e1ab4357703deeaa4c9565aaef5a3fdf6995a018698b146f0d0edea67f	81ffa7e1b9ad92a7a1abc6a698f3493be0a1188df5ea5d3addddaeca51615036
n080-set03	random	medium	10	5	instances/data/n080-set03/random/medium-heterogeneous/m5.dat	0	0	0	0	10.000000000000	94eb21e1ab4357703deeaa4c9565aaef5a3fdf6995a018698b146f0d0edea67f	afec4b7f4fdc03dc60a840f5ce93753823e3566fe128f3f69309c5d57a602c76
n080-set03	random	high	20	3	instances/data/n080-set03/random/high-heterogeneous/m3.dat	0	0	0	0	20.000000000000	bb48ea227ae6a8e504bf4b59c303087dcfe5e4c3ed10b13a4b37de954f1e24d4	826ab01db7d05bd3649b8776a1cd445d79bfb5c07b5b309d6bdc5d9f93a1ec4c
n080-set03	random	high	20	4	instances/data/n080-set03/random/high-heterogeneous/m4.dat	0	0	0	0	20.000000000000	bb48ea227ae6a8e504bf4b59c303087dcfe5e4c3ed10b13a4b37de954f1e24d4	78d20fc880e1e7bf26573d66133f5c0bdf9bd209730930feea337037d9610ccb
n080-set03	random	high	20	5	instances/data/n080-set03/random/high-heterogeneous/m5.dat	0	0	0	0	20.000000000000	bb48ea227ae6a8e504bf4b59c303087dcfe5e4c3ed10b13a4b37de954f1e24d4	7546ca6c6127107db6d377fcc01e83562c237de643bded4e4aa8998a39199d65
n080-set03	family	medium	10	3	instances/data/n080-set03/family/medium-heterogeneous/m3.dat	0	0	0	0	10.000000000000	94eb21e1ab4357703deeaa4c9565aaef5a3fdf6995a018698b146f0d0edea67f	a1a38b2ac173933cf1dca6e7dcd5c194fc52842fce175b52aa48eecbd88dc942
n080-set03	family	medium	10	4	instances/data/n080-set03/family/medium-heterogeneous/m4.dat	0	0	0	0	10.000000000000	94eb21e1ab4357703deeaa4c9565aaef5a3fdf6995a018698b146f0d0edea67f	694fe89a73666c79269a7becf7a4435b10e73803d7428653e599e03f3ec1aaf1
n080-set03	family	medium	10	5	instances/data/n080-set03/family/medium-heterogeneous/m5.dat	0	0	0	0	10.000000000000	94eb21e1ab4357703deeaa4c9565aaef5a3fdf6995a018698b146f0d0edea67f	a64cc99f6795284d7c18a146741bd26b1724f495acd16f8d0e1aa878fb445f97
n080-set03	family	high	20	3	instances/data/n080-set03/family/high-heterogeneous/m3.dat	0	0	0	0	20.000000000000	bb48ea227ae6a8e504bf4b59c303087dcfe5e4c3ed10b13a4b37de954f1e24d4	a81dc13a0e456a048050d6b0699bae92b2c087c28bf105d550891b26bdc2aa03
n080-set03	family	high	20	4	instances/data/n080-set03/family/high-heterogeneous/m4.dat	0	0	0	0	20.000000000000	bb48ea227ae6a8e504bf4b59c303087dcfe5e4c3ed10b13a4b37de954f1e24d4	97862eb6ab652cbf355078338ac6395cd9e241c747a93a138afab267c208805a
n080-set03	family	high	20	5	instances/data/n080-set03/family/high-heterogeneous/m5.dat	0	0	0	0	20.000000000000	bb48ea227ae6a8e504bf4b59c303087dcfe5e4c3ed10b13a4b37de954f1e24d4	ac92d52f4c6c61f4e6b499942711cc0311022a69166afbbcf5601ee048c63d9a
n080-set04	random	medium	10	3	instances/data/n080-set04/random/medium-heterogeneous/m3.dat	0	0	0	0	10.000000000000	4428ed9d5af5bafae7ce3e45e9b5b691bec005e5f4e79f48c347fe4f7d33005e	3bc87b6e9935e851bfb175a7d9d6865c251fa04cf1700e482315d8c2adf92ef5
n080-set04	random	medium	10	4	instances/data/n080-set04/random/medium-heterogeneous/m4.dat	0	0	0	0	10.000000000000	4428ed9d5af5bafae7ce3e45e9b5b691bec005e5f4e79f48c347fe4f7d33005e	88b8c9c6d66c8c1cc881e0925754964ab8388d09acb187afe7e7c77e89cc5027
n080-set04	random	medium	10	5	instances/data/n080-set04/random/medium-heterogeneous/m5.dat	0	0	0	0	10.000000000000	4428ed9d5af5bafae7ce3e45e9b5b691bec005e5f4e79f48c347fe4f7d33005e	f36c73c58d97c9d59945a3a88ae69dc06f2b5e1a2103ac21e1173b8380c744bf
n080-set04	random	high	20	3	instances/data/n080-set04/random/high-heterogeneous/m3.dat	0	0	0	0	20.000000000000	7b22a5589f8f9e784a3621a9168dc97a8e52c6deed2096054a64df382bc3c1a9	7f0f225f77860af9ee2d89043e84d0756a1ea8b43411ca20fca1ecee61f3b5b3
n080-set04	random	high	20	4	instances/data/n080-set04/random/high-heterogeneous/m4.dat	0	0	0	0	20.000000000000	7b22a5589f8f9e784a3621a9168dc97a8e52c6deed2096054a64df382bc3c1a9	afe29085a2179a74858b22e5cf16b0f371c4e0ac1105ea883a582a8b47f8df75
n080-set04	random	high	20	5	instances/data/n080-set04/random/high-heterogeneous/m5.dat	0	0	0	0	20.000000000000	7b22a5589f8f9e784a3621a9168dc97a8e52c6deed2096054a64df382bc3c1a9	81386058d06d92552b933d5731821ac5ee80bf421a1536766dc2ed21d6c1cad6
n080-set04	family	medium	10	3	instances/data/n080-set04/family/medium-heterogeneous/m3.dat	0	0	0	0	10.000000000000	4428ed9d5af5bafae7ce3e45e9b5b691bec005e5f4e79f48c347fe4f7d33005e	e0fe54aa9d09f9c0779e51a83c8981e1c0bd2e555ad68a860714466291f1f516
n080-set04	family	medium	10	4	instances/data/n080-set04/family/medium-heterogeneous/m4.dat	0	0	0	0	10.000000000000	4428ed9d5af5bafae7ce3e45e9b5b691bec005e5f4e79f48c347fe4f7d33005e	8a7128e545897f8682e0e9a210dc1eaf5b27e81a69c17e0af0b950ed2a8ad7d0
n080-set04	family	medium	10	5	instances/data/n080-set04/family/medium-heterogeneous/m5.dat	0	0	0	0	10.000000000000	4428ed9d5af5bafae7ce3e45e9b5b691bec005e5f4e79f48c347fe4f7d33005e	d88e981fe47b2f1601775debbdc0b1ffa8b8748b62416601e087276576df7779
n080-set04	family	high	20	3	instances/data/n080-set04/family/high-heterogeneous/m3.dat	0	0	0	0	20.000000000000	7b22a5589f8f9e784a3621a9168dc97a8e52c6deed2096054a64df382bc3c1a9	645b5f718f1acae78e3c7773554ee48e131fe4b192abbe3998367b3115e6894c
n080-set04	family	high	20	4	instances/data/n080-set04/family/high-heterogeneous/m4.dat	0	0	0	0	20.000000000000	7b22a5589f8f9e784a3621a9168dc97a8e52c6deed2096054a64df382bc3c1a9	1d2515e673d17515fd7341c7c0a4e2c5b6bbf0016804f001af0f597f36ea1d9f
n080-set04	family	high	20	5	instances/data/n080-set04/family/high-heterogeneous/m5.dat	0	0	0	0	20.000000000000	7b22a5589f8f9e784a3621a9168dc97a8e52c6deed2096054a64df382bc3c1a9	fa05c22ff4591beae7482f9fb646bfc678215b5f31c2a13deae5c9dc7d83ba31
n080-set05	random	medium	10	3	instances/data/n080-set05/random/medium-heterogeneous/m3.dat	0	0	0	0	10.000000000000	4885d399f8278ccf371746de60c20c77a48037bb592e87814cd4ea2b42464053	430505f7c0af87cbfe1d1f702692f23842250f4b926d4e3fd51f73d916771c16
n080-set05	random	medium	10	4	instances/data/n080-set05/random/medium-heterogeneous/m4.dat	0	0	0	0	10.000000000000	4885d399f8278ccf371746de60c20c77a48037bb592e87814cd4ea2b42464053	f6be3383913f88c8bcc7956cd022bc6c596798d6ae3a39cd241282ce3bc07340
n080-set05	random	medium	10	5	instances/data/n080-set05/random/medium-heterogeneous/m5.dat	0	0	0	0	10.000000000000	4885d399f8278ccf371746de60c20c77a48037bb592e87814cd4ea2b42464053	4decaf394bf948b3f9f06242078c6c160c32c29c88fa97ea8d64a5285013bbbc
n080-set05	random	high	20	3	instances/data/n080-set05/random/high-heterogeneous/m3.dat	0	0	0	0	20.000000000000	eab27c56577c8c08a66a093154147250cdc3b244b289633bb490500dc80155e7	88b030e5b054210fa71a70853d0766baaa37ddd47e655addb578df5838e88347
n080-set05	random	high	20	4	instances/data/n080-set05/random/high-heterogeneous/m4.dat	0	0	0	0	20.000000000000	eab27c56577c8c08a66a093154147250cdc3b244b289633bb490500dc80155e7	c9187b01e01c63c8d4e794944b089089e72e4126da2aaf86b020b91f22c71eea
n080-set05	random	high	20	5	instances/data/n080-set05/random/high-heterogeneous/m5.dat	0	0	0	0	20.000000000000	eab27c56577c8c08a66a093154147250cdc3b244b289633bb490500dc80155e7	58be722b9e9aea2c312dc9e67ea4ed22b5acbf46497b4d1ed937e0692f420d4f
n080-set05	family	medium	10	3	instances/data/n080-set05/family/medium-heterogeneous/m3.dat	0	0	0	0	10.000000000000	4885d399f8278ccf371746de60c20c77a48037bb592e87814cd4ea2b42464053	7c4d84a88fe70ab37a4dfd2ef610d9b13a72c76e2d8a33c0befcb9a1cd4986ab
n080-set05	family	medium	10	4	instances/data/n080-set05/family/medium-heterogeneous/m4.dat	0	0	0	0	10.000000000000	4885d399f8278ccf371746de60c20c77a48037bb592e87814cd4ea2b42464053	a3d8572d4273550735ce94ca9301c51bed6a760b37b9a1c429a3136f475c477b
n080-set05	family	medium	10	5	instances/data/n080-set05/family/medium-heterogeneous/m5.dat	0	0	0	0	10.000000000000	4885d399f8278ccf371746de60c20c77a48037bb592e87814cd4ea2b42464053	9c0b2d45ead62747d6fb482d4fddae11f272322492577869812a504cff247472
n080-set05	family	high	20	3	instances/data/n080-set05/family/high-heterogeneous/m3.dat	0	0	0	0	20.000000000000	eab27c56577c8c08a66a093154147250cdc3b244b289633bb490500dc80155e7	b53bb1b2782a3412504538423b45729a03bbf2517f321acd038ed65206684358
n080-set05	family	high	20	4	instances/data/n080-set05/family/high-heterogeneous/m4.dat	0	0	0	0	20.000000000000	eab27c56577c8c08a66a093154147250cdc3b244b289633bb490500dc80155e7	db89ea0987faef6ec10f22dd3d8dd7bea181472a5dcdfe6eb7223af7752ff55c
n080-set05	family	high	20	5	instances/data/n080-set05/family/high-heterogeneous/m5.dat	0	0	0	0	20.000000000000	eab27c56577c8c08a66a093154147250cdc3b244b289633bb490500dc80155e7	8082d5cea5552e028213f153ef991da7bd912362039744153e135e75316f0c80
n100-set01	random	medium	10	3	instances/data/n100-set01/random/medium-heterogeneous/m3.dat	0	0	0	0	10.000000000000	babef75c78b201ad7d04ffdd4dcb1e27476eb9f68c8740d716917fdbcfc275a1	fbdcc9246c2a5bcfbba7c4ce93693ce7ab15023692eab3ce8d4c578d60b1a338
n100-set01	random	medium	10	4	instances/data/n100-set01/random/medium-heterogeneous/m4.dat	0	0	0	0	10.000000000000	babef75c78b201ad7d04ffdd4dcb1e27476eb9f68c8740d716917fdbcfc275a1	bbfda27ea8d697b8511ba899c37047e580a97beb2fb0ab7bc6a3c0894757e14b
n100-set01	random	medium	10	5	instances/data/n100-set01/random/medium-heterogeneous/m5.dat	0	0	0	0	10.000000000000	babef75c78b201ad7d04ffdd4dcb1e27476eb9f68c8740d716917fdbcfc275a1	26f2653a72d06f597ce37cf1c253494a842917282589573615ec2a786427b494
n100-set01	random	high	20	3	instances/data/n100-set01/random/high-heterogeneous/m3.dat	0	0	0	0	20.000000000000	88b5bc7c7d4232d45cfcd2b892ec3294f5028b0eff8acb96c3f66abc83641410	bb925669b681ae1e65d0c49d1c989d6b4c4d17c96bd0982b7dbd57acbc1dd3bb
n100-set01	random	high	20	4	instances/data/n100-set01/random/high-heterogeneous/m4.dat	0	0	0	0	20.000000000000	88b5bc7c7d4232d45cfcd2b892ec3294f5028b0eff8acb96c3f66abc83641410	ce88b3ed45904d341c5a0de413abcb41670d9b3bd446967f49081f29d2262b5c
n100-set01	random	high	20	5	instances/data/n100-set01/random/high-heterogeneous/m5.dat	0	0	0	0	20.000000000000	88b5bc7c7d4232d45cfcd2b892ec3294f5028b0eff8acb96c3f66abc83641410	9d3437c8d367d956256ec3a3ac72157102f290c44ec125c4f2799d021aaa3761
n100-set01	family	medium	10	3	instances/data/n100-set01/family/medium-heterogeneous/m3.dat	0	0	0	0	10.000000000000	babef75c78b201ad7d04ffdd4dcb1e27476eb9f68c8740d716917fdbcfc275a1	d79b53980b65026e25ea7c4e61613061eb343669b99028c9dcdafcffbc907551
n100-set01	family	medium	10	4	instances/data/n100-set01/family/medium-heterogeneous/m4.dat	0	0	0	0	10.000000000000	babef75c78b201ad7d04ffdd4dcb1e27476eb9f68c8740d716917fdbcfc275a1	ceb0bc14f8e6a4fdf3ee40cf24eb994bc5f8233db6434f115df4845b64220493
n100-set01	family	medium	10	5	instances/data/n100-set01/family/medium-heterogeneous/m5.dat	0	0	0	0	10.000000000000	babef75c78b201ad7d04ffdd4dcb1e27476eb9f68c8740d716917fdbcfc275a1	196507c1427df11f4119f12b854b31735e9a2def2fa7cf7ffb1df8d1e0568418
n100-set01	family	high	20	3	instances/data/n100-set01/family/high-heterogeneous/m3.dat	0	0	0	0	20.000000000000	88b5bc7c7d4232d45cfcd2b892ec3294f5028b0eff8acb96c3f66abc83641410	0c320a148ea5f4df976f844dcd8931b3bd6e104cb1e34700093698721eb982b8
n100-set01	family	high	20	4	instances/data/n100-set01/family/high-heterogeneous/m4.dat	0	0	0	0	20.000000000000	88b5bc7c7d4232d45cfcd2b892ec3294f5028b0eff8acb96c3f66abc83641410	3a4c2bd5bae24b53820e6c43a551602ac3e6baedece953fa6d83b9f53453cb35
n100-set01	family	high	20	5	instances/data/n100-set01/family/high-heterogeneous/m5.dat	0	0	0	0	20.000000000000	88b5bc7c7d4232d45cfcd2b892ec3294f5028b0eff8acb96c3f66abc83641410	cba7556e8e975f49e2e2f857fddf1e74f2e2f9437c272992a6cd084f49a96a56
n100-set02	random	medium	10	3	instances/data/n100-set02/random/medium-heterogeneous/m3.dat	0	0	0	0	10.000000000000	4ec958690bf0ba1a5c1181dfe2853e2b7d0205cb521d5d35c0e830f507021afd	31065d89f7073f261737802568bd98ed1b095cf9651d4ea4bb51ed043be3b00b
n100-set02	random	medium	10	4	instances/data/n100-set02/random/medium-heterogeneous/m4.dat	0	0	0	0	10.000000000000	4ec958690bf0ba1a5c1181dfe2853e2b7d0205cb521d5d35c0e830f507021afd	e20a06f85d7f75b77a0ec83e66cbc50832eea0e2f66fa42ae84f88be250400b2
n100-set02	random	medium	10	5	instances/data/n100-set02/random/medium-heterogeneous/m5.dat	0	0	0	0	10.000000000000	4ec958690bf0ba1a5c1181dfe2853e2b7d0205cb521d5d35c0e830f507021afd	7fa92e682ce67b101ef09495c2d8cbd7507a9ffe6228c067041eb878e512e336
n100-set02	random	high	20	3	instances/data/n100-set02/random/high-heterogeneous/m3.dat	0	0	0	0	20.000000000000	a96d2cab5029666feddd1ebf6ec95ea3cbfc3dc954f4a6d9288ecd0124326043	00c1616de582998329048e30b6677d5bd08b48406fcce1607bf6a1d41edb7e9a
n100-set02	random	high	20	4	instances/data/n100-set02/random/high-heterogeneous/m4.dat	0	0	0	0	20.000000000000	a96d2cab5029666feddd1ebf6ec95ea3cbfc3dc954f4a6d9288ecd0124326043	71925a32beac2bc65b66b463d723926e956f22a70ac2acbedf8c280ed0b175b5
n100-set02	random	high	20	5	instances/data/n100-set02/random/high-heterogeneous/m5.dat	0	0	0	0	20.000000000000	a96d2cab5029666feddd1ebf6ec95ea3cbfc3dc954f4a6d9288ecd0124326043	bd56f79a34a62fc72705e43e102ab3f411ed8e1ae998838b9c1e28644583339c
n100-set02	family	medium	10	3	instances/data/n100-set02/family/medium-heterogeneous/m3.dat	0	0	0	0	10.000000000000	4ec958690bf0ba1a5c1181dfe2853e2b7d0205cb521d5d35c0e830f507021afd	5962513990255824d824351b22a2ce5a492713c83983714486cdf2bae15c61bb
n100-set02	family	medium	10	4	instances/data/n100-set02/family/medium-heterogeneous/m4.dat	0	0	0	0	10.000000000000	4ec958690bf0ba1a5c1181dfe2853e2b7d0205cb521d5d35c0e830f507021afd	e9ec36688b36528286aedd93487f705aa002104e2b316920a4fd8295972b7b47
n100-set02	family	medium	10	5	instances/data/n100-set02/family/medium-heterogeneous/m5.dat	0	0	0	0	10.000000000000	4ec958690bf0ba1a5c1181dfe2853e2b7d0205cb521d5d35c0e830f507021afd	d8e0e909f01852d230baa9fead2baad1c501c07239de40dfb31beee1320e6463
n100-set02	family	high	20	3	instances/data/n100-set02/family/high-heterogeneous/m3.dat	0	0	0	0	20.000000000000	a96d2cab5029666feddd1ebf6ec95ea3cbfc3dc954f4a6d9288ecd0124326043	c27c5d100a4aaea9efebf1dc57d08771746487bda5d21bb3b6e971f5421640a6
n100-set02	family	high	20	4	instances/data/n100-set02/family/high-heterogeneous/m4.dat	0	0	0	0	20.000000000000	a96d2cab5029666feddd1ebf6ec95ea3cbfc3dc954f4a6d9288ecd0124326043	5b6791db7e4b7d6996903e460c157b1ea3e02659d5a5e90714395157f7b10190
n100-set02	family	high	20	5	instances/data/n100-set02/family/high-heterogeneous/m5.dat	0	0	0	0	20.000000000000	a96d2cab5029666feddd1ebf6ec95ea3cbfc3dc954f4a6d9288ecd0124326043	e217ef075e52c31a4b2371b96998f380ff09f263e11fc6eaf618d3face81cf87
n100-set03	random	medium	10	3	instances/data/n100-set03/random/medium-heterogeneous/m3.dat	0	0	0	0	10.000000000000	778076b471acdfcf8914ae05940d5c66bfc7db1d9b5ba2e91d3ca9f803afd815	a9fba755c1f97eb2d467f91e64816b0a03bc83a827768c87b0845cc18a7b3cb7
n100-set03	random	medium	10	4	instances/data/n100-set03/random/medium-heterogeneous/m4.dat	0	0	0	0	10.000000000000	778076b471acdfcf8914ae05940d5c66bfc7db1d9b5ba2e91d3ca9f803afd815	6d151648abef46b3873c69646c203ab0cfd4959b6b4da616fd103c3b2d694283
n100-set03	random	medium	10	5	instances/data/n100-set03/random/medium-heterogeneous/m5.dat	0	0	0	0	10.000000000000	778076b471acdfcf8914ae05940d5c66bfc7db1d9b5ba2e91d3ca9f803afd815	1c37b3ba5eda29bcb4bfc8d9940e9da0b815f2da1f6ad40c59163916a72558c4
n100-set03	random	high	20	3	instances/data/n100-set03/random/high-heterogeneous/m3.dat	0	0	0	0	20.000000000000	4e818e464ab7824c7f8d8d4242cb5d9cf024530137381e9c76c7c6a4b8abf107	9972826de635871d112182931c22b74360f04d554200d048ebccbded950b3cb6
n100-set03	random	high	20	4	instances/data/n100-set03/random/high-heterogeneous/m4.dat	0	0	0	0	20.000000000000	4e818e464ab7824c7f8d8d4242cb5d9cf024530137381e9c76c7c6a4b8abf107	ef84a269451c723b5828f9816a649c603987a356453050215b5b2c415bee7cdd
n100-set03	random	high	20	5	instances/data/n100-set03/random/high-heterogeneous/m5.dat	0	0	0	0	20.000000000000	4e818e464ab7824c7f8d8d4242cb5d9cf024530137381e9c76c7c6a4b8abf107	e08eed610bd5bb689317bcc99b698281f0f48f3a4171392033cf17608136eee4
n100-set03	family	medium	10	3	instances/data/n100-set03/family/medium-heterogeneous/m3.dat	0	0	0	0	10.000000000000	778076b471acdfcf8914ae05940d5c66bfc7db1d9b5ba2e91d3ca9f803afd815	306ca94cf0364761e8300a1d276f8387fc6ad08ea77c5d4ad5babf211b7c752a
n100-set03	family	medium	10	4	instances/data/n100-set03/family/medium-heterogeneous/m4.dat	0	0	0	0	10.000000000000	778076b471acdfcf8914ae05940d5c66bfc7db1d9b5ba2e91d3ca9f803afd815	c1406df9f25bba43276ed49a09875895939888343ce4d578c748b159ff9f8d6a
n100-set03	family	medium	10	5	instances/data/n100-set03/family/medium-heterogeneous/m5.dat	0	0	0	0	10.000000000000	778076b471acdfcf8914ae05940d5c66bfc7db1d9b5ba2e91d3ca9f803afd815	ab3038e1e928eab1258c2054151ac72e3df176a7b4649387b98e9f9f47a0d29c
n100-set03	family	high	20	3	instances/data/n100-set03/family/high-heterogeneous/m3.dat	0	0	0	0	20.000000000000	4e818e464ab7824c7f8d8d4242cb5d9cf024530137381e9c76c7c6a4b8abf107	7c2f1e0c726085503a1ad9d3693921d0da3cf66069c138a8be69b754c0fefb00
n100-set03	family	high	20	4	instances/data/n100-set03/family/high-heterogeneous/m4.dat	0	0	0	0	20.000000000000	4e818e464ab7824c7f8d8d4242cb5d9cf024530137381e9c76c7c6a4b8abf107	8dc8cd1fec1d5afb300422482654f1c11d691c9a4c51274a78db86e00b8bb73d
n100-set03	family	high	20	5	instances/data/n100-set03/family/high-heterogeneous/m5.dat	0	0	0	0	20.000000000000	4e818e464ab7824c7f8d8d4242cb5d9cf024530137381e9c76c7c6a4b8abf107	e32e5645396803ebdcc2296aa0d0ca9ce0a917f3f88b2b242d305a98512cb400
n100-set04	random	medium	10	3	instances/data/n100-set04/random/medium-heterogeneous/m3.dat	0	0	0	0	10.000000000000	2d19fe586522a8af8e6bc94f467c3019e8ff65dc6f4286d7f1f538a4357a5596	508b0c71ed9f579e7618b9d29673f8de2e888d1610773e9c033cac56b4cbea8e
n100-set04	random	medium	10	4	instances/data/n100-set04/random/medium-heterogeneous/m4.dat	0	0	0	0	10.000000000000	2d19fe586522a8af8e6bc94f467c3019e8ff65dc6f4286d7f1f538a4357a5596	4a2769013fa0ca3da5dfaa0491ed4abbb87b8e2108afab64da38df521006f876
n100-set04	random	medium	10	5	instances/data/n100-set04/random/medium-heterogeneous/m5.dat	0	0	0	0	10.000000000000	2d19fe586522a8af8e6bc94f467c3019e8ff65dc6f4286d7f1f538a4357a5596	1d7812b015dfd5a654d650751fd65924b3df70d3beff0c7be3ab4b78095e953b
n100-set04	random	high	20	3	instances/data/n100-set04/random/high-heterogeneous/m3.dat	0	0	0	0	20.000000000000	ebdfe529cf286bd8e14d587c95105f692b1ce4459ceb133341ea46851062ff32	3b8e3a4c050c04182cb0b787f7d05fcd7b6d8fb38b4ecb0cda8bebd627495ebe
n100-set04	random	high	20	4	instances/data/n100-set04/random/high-heterogeneous/m4.dat	0	0	0	0	20.000000000000	ebdfe529cf286bd8e14d587c95105f692b1ce4459ceb133341ea46851062ff32	27c27528f63ae93ec7a79725c71f8b3292942e9fbb46c2730a314bab3a00a3c4
n100-set04	random	high	20	5	instances/data/n100-set04/random/high-heterogeneous/m5.dat	0	0	0	0	20.000000000000	ebdfe529cf286bd8e14d587c95105f692b1ce4459ceb133341ea46851062ff32	c605721e38626184356e7fd184293748374af5b748f3afb6f3a96ad533e10358
n100-set04	family	medium	10	3	instances/data/n100-set04/family/medium-heterogeneous/m3.dat	0	0	0	0	10.000000000000	2d19fe586522a8af8e6bc94f467c3019e8ff65dc6f4286d7f1f538a4357a5596	395f69b65a92e4ad62504bbe1aae903c951e61330aa714b7954908a44a8891a4
n100-set04	family	medium	10	4	instances/data/n100-set04/family/medium-heterogeneous/m4.dat	0	0	0	0	10.000000000000	2d19fe586522a8af8e6bc94f467c3019e8ff65dc6f4286d7f1f538a4357a5596	6f6525cde2e0d5217f61c85a49ba4b5f3577deaa4f8c5f7388eaa36b3418c323
n100-set04	family	medium	10	5	instances/data/n100-set04/family/medium-heterogeneous/m5.dat	0	0	0	0	10.000000000000	2d19fe586522a8af8e6bc94f467c3019e8ff65dc6f4286d7f1f538a4357a5596	b008d55b3f5fcf17ee1ba3469a2a52af8cdb4b043bf710e3c73341b3232a744e
n100-set04	family	high	20	3	instances/data/n100-set04/family/high-heterogeneous/m3.dat	0	0	0	0	20.000000000000	ebdfe529cf286bd8e14d587c95105f692b1ce4459ceb133341ea46851062ff32	755978090f4b24b822bda0068566164f3f18302a246c3a60bc7283086d65b550
n100-set04	family	high	20	4	instances/data/n100-set04/family/high-heterogeneous/m4.dat	0	0	0	0	20.000000000000	ebdfe529cf286bd8e14d587c95105f692b1ce4459ceb133341ea46851062ff32	72470e81d389ce5e3f6d58998c032248edae4c4d81f8df267a87c2466793157b
n100-set04	family	high	20	5	instances/data/n100-set04/family/high-heterogeneous/m5.dat	0	0	0	0	20.000000000000	ebdfe529cf286bd8e14d587c95105f692b1ce4459ceb133341ea46851062ff32	66d7efed7978d56c0881b53dc7a673c38e2b3d9c2070ca28b4e9b141d8fb1dd2
n100-set05	random	medium	10	3	instances/data/n100-set05/random/medium-heterogeneous/m3.dat	0	0	0	0	10.000000000000	bd84b8c94914e962ab5e3dca4be54488bf8d5f4d3ac0a0bf9d7daeb3da08b69a	5ae02ea0e1d7dd20f704c69bec59b2e95a779528ed1f82ebf6909efb35c748ab
n100-set05	random	medium	10	4	instances/data/n100-set05/random/medium-heterogeneous/m4.dat	0	0	0	0	10.000000000000	bd84b8c94914e962ab5e3dca4be54488bf8d5f4d3ac0a0bf9d7daeb3da08b69a	e7807a98afaf9010bc0f64baf6219279fe0474fdc8a1f70a449c5c121b6a902e
n100-set05	random	medium	10	5	instances/data/n100-set05/random/medium-heterogeneous/m5.dat	0	0	0	0	10.000000000000	bd84b8c94914e962ab5e3dca4be54488bf8d5f4d3ac0a0bf9d7daeb3da08b69a	301ab4daf17128f210632f151734f43195b0b1fdda669ec9a3f39713b94b20cc
n100-set05	random	high	20	3	instances/data/n100-set05/random/high-heterogeneous/m3.dat	0	0	0	0	20.000000000000	6677e8ff0d6ba0ad9dcc78c4634d4240df308d357a2fdd197891b0416a461d81	5985e699af9469900e43555b84288020237b1f62bf0c43859fb465326ceba033
n100-set05	random	high	20	4	instances/data/n100-set05/random/high-heterogeneous/m4.dat	0	0	0	0	20.000000000000	6677e8ff0d6ba0ad9dcc78c4634d4240df308d357a2fdd197891b0416a461d81	f92853a587f46e2f34c8d0857e0227308a32abe6640e827b69b2fb64749adbcd
n100-set05	random	high	20	5	instances/data/n100-set05/random/high-heterogeneous/m5.dat	0	0	0	0	20.000000000000	6677e8ff0d6ba0ad9dcc78c4634d4240df308d357a2fdd197891b0416a461d81	e0568a880f6682769ce83152c8e200ee03348f6bddbee57a4385a2aaff1e13b1
n100-set05	family	medium	10	3	instances/data/n100-set05/family/medium-heterogeneous/m3.dat	0	0	0	0	10.000000000000	bd84b8c94914e962ab5e3dca4be54488bf8d5f4d3ac0a0bf9d7daeb3da08b69a	6b932d33c4a727b48f03631c9ea6e5f5e6d78f91569caa33fce7895d2f24da28
n100-set05	family	medium	10	4	instances/data/n100-set05/family/medium-heterogeneous/m4.dat	0	0	0	0	10.000000000000	bd84b8c94914e962ab5e3dca4be54488bf8d5f4d3ac0a0bf9d7daeb3da08b69a	33a16722c6ed74e2eca0acc3068045220b0c9d96d9773692411196ef52736571
n100-set05	family	medium	10	5	instances/data/n100-set05/family/medium-heterogeneous/m5.dat	0	0	0	0	10.000000000000	bd84b8c94914e962ab5e3dca4be54488bf8d5f4d3ac0a0bf9d7daeb3da08b69a	7551977669cba6e7d5bd244109e795526fc06151fb721db6d9df99486c0486d6
n100-set05	family	high	20	3	instances/data/n100-set05/family/high-heterogeneous/m3.dat	0	0	0	0	20.000000000000	6677e8ff0d6ba0ad9dcc78c4634d4240df308d357a2fdd197891b0416a461d81	59a68cc338a5b77bf8693dd39b6bd9262f8d38d2cf19958a17b668e06ed9fcad
n100-set05	family	high	20	4	instances/data/n100-set05/family/high-heterogeneous/m4.dat	0	0	0	0	20.000000000000	6677e8ff0d6ba0ad9dcc78c4634d4240df308d357a2fdd197891b0416a461d81	b35273fca9eec52136c249b0379d503ba508123ba615d8a46a90b3decdd1c2c1
n100-set05	family	high	20	5	instances/data/n100-set05/family/high-heterogeneous/m5.dat	0	0	0	0	20.000000000000	6677e8ff0d6ba0ad9dcc78c4634d4240df308d357a2fdd197891b0416a461d81	05b4d99bb8965839f3aa9df142c0892900ab502c9d4b1df1f3134602bdfe0780
