path	sha256
D:/ccx_work/考虑交付的机器调度/work1/instances/family-count-balanced-20260914/data/n050-set01/family/base/narrow/m4.dat	700042416be20bf8109ea5d4b595007fb693dc2b46ac3cc3cee09d656064f435
D:/ccx_work/考虑交付的机器调度/work1/instances/family-count-balanced-20260914/data/n050-set01/family/base/wide/m4.dat	669d962a256be9cdf5e9fcc68b15c8dadcd75b4e0619c7c14f3e099549151d6b
D:/ccx_work/考虑交付的机器调度/work1/instances/family-count-balanced-20260914/data/n050-set01/family/base/zero/m4.dat	bbfd1fb9062412deb3215b531048359c813b733eff0714d97ec8968f01a6a45d
D:/ccx_work/考虑交付的机器调度/work1/instances/family-count-balanced-20260914/data/n050-set01/family/high-heterogeneous/narrow/m4.dat	9fa7cd77e70702dbc476c533443596009ea9d136917ae5f15ac67a0bcb5b64f2
D:/ccx_work/考虑交付的机器调度/work1/instances/family-count-balanced-20260914/data/n050-set01/family/high-heterogeneous/wide/m4.dat	9d849272d2e6b00e08bf3177a0bbde948d5e09e1c3a46d2fc9e372ffffdbce9d
D:/ccx_work/考虑交付的机器调度/work1/instances/family-count-balanced-20260914/data/n050-set01/family/high-heterogeneous/zero/m4.dat	5dba97b18dcd14dac9fb9cc8dfaa533af4a1a6007ef02c27aea3dacae1380985
D:/ccx_work/考虑交付的机器调度/work1/instances/family-count-balanced-20260914/data/n050-set01/family/medium-heterogeneous/narrow/m4.dat	f7c2b68ca9c12f36cc21c739ac5b473fea62e23c11750f08907665860d5f36a3
D:/ccx_work/考虑交付的机器调度/work1/instances/family-count-balanced-20260914/data/n050-set01/family/medium-heterogeneous/wide/m4.dat	0cc748068732f2f1a602ae85a30f1f3e3608ad63207212f818b42ebe7eddb7b2
D:/ccx_work/考虑交付的机器调度/work1/instances/family-count-balanced-20260914/data/n050-set01/family/medium-heterogeneous/zero/m4.dat	e6bcae183233e5dfa4185cf4adf3e715de96db7230ece4389090a808079a6138
D:/ccx_work/考虑交付的机器调度/work1/instances/family-count-balanced-20260914/data/n050-set02/family/base/narrow/m4.dat	d893d9e37dbac81552d485ad60bd201190848b8439342959b993fb928c90b9ec
D:/ccx_work/考虑交付的机器调度/work1/instances/family-count-balanced-20260914/data/n050-set02/family/base/wide/m4.dat	f0d95dc8a2a7ddfbcacddd0ca7e08f8476e67c03c5338f8ec319fb66560bdae3
D:/ccx_work/考虑交付的机器调度/work1/instances/family-count-balanced-20260914/data/n050-set02/family/base/zero/m4.dat	e7e32cf88ed1104c838de4a8fcb30f8df6c96dece35d1992419c6d3f6e4893cb
D:/ccx_work/考虑交付的机器调度/work1/instances/family-count-balanced-20260914/data/n050-set02/family/high-heterogeneous/narrow/m4.dat	bfee6507442acd033301cafce628b6ccc07a4e24de0e21c3989b405e810f6f57
D:/ccx_work/考虑交付的机器调度/work1/instances/family-count-balanced-20260914/data/n050-set02/family/high-heterogeneous/wide/m4.dat	855e461402f24a6eaf8249b9d8fa8765245fb7bfb97cddc2e039e7cd52871f4a
D:/ccx_work/考虑交付的机器调度/work1/instances/family-count-balanced-20260914/data/n050-set02/family/high-heterogeneous/zero/m4.dat	815f71d9a4e6408d63b8c5d9caac52a3c7ddfbaf6d9bf8d5f543189cb0453b9f
D:/ccx_work/考虑交付的机器调度/work1/instances/family-count-balanced-20260914/data/n050-set02/family/medium-heterogeneous/narrow/m4.dat	d36031f1af77fd577845b8eea5c580a3f3c0462c8928d55a2f6bfd514f8bc883
D:/ccx_work/考虑交付的机器调度/work1/instances/family-count-balanced-20260914/data/n050-set02/family/medium-heterogeneous/wide/m4.dat	41fecf259b16e12b75ce6efe9e462d047b25e3aa1194c6349f244f501d4271e2
D:/ccx_work/考虑交付的机器调度/work1/instances/family-count-balanced-20260914/data/n050-set02/family/medium-heterogeneous/zero/m4.dat	8edb26d2b32f6325d22d38c613873e99d91fcdca10ca488611eafee0a454ffbb
D:/ccx_work/考虑交付的机器调度/work1/instances/family-count-balanced-20260914/data/n050-set03/family/base/narrow/m4.dat	883f736e16288723d7e1764dd8c0328d018993ff90aa404d01ea4b23b4694414
D:/ccx_work/考虑交付的机器调度/work1/instances/family-count-balanced-20260914/data/n050-set03/family/base/wide/m4.dat	99ead5a0a5f87f1d9eca7d8b59b5a567bb09aa79f2c8be17e58e4e31084e914c
D:/ccx_work/考虑交付的机器调度/work1/instances/family-count-balanced-20260914/data/n050-set03/family/base/zero/m4.dat	a615308842626b2c7058941d11bb76412d2004dc69df20f20823308609fb8547
D:/ccx_work/考虑交付的机器调度/work1/instances/family-count-balanced-20260914/data/n050-set03/family/high-heterogeneous/narrow/m4.dat	635d18a1bbea9ba3db86889ba7901bc8bd67aac21b232e689702ad2adde74369
D:/ccx_work/考虑交付的机器调度/work1/instances/family-count-balanced-20260914/data/n050-set03/family/high-heterogeneous/wide/m4.dat	7f3ea9e878f8869fb54263f389ab6ac0e44671b6cace537fe71180fae9026e63
D:/ccx_work/考虑交付的机器调度/work1/instances/family-count-balanced-20260914/data/n050-set03/family/high-heterogeneous/zero/m4.dat	d8f9a80d0fe0bfbc9ee71d6f3cf009b71222d8831766c80766bc8971bb6b317e
D:/ccx_work/考虑交付的机器调度/work1/instances/family-count-balanced-20260914/data/n050-set03/family/medium-heterogeneous/narrow/m4.dat	e3a9b0aad3d245c408bafc611c6fd396a348ee05d3fba0501aca351ed5d2b8c8
D:/ccx_work/考虑交付的机器调度/work1/instances/family-count-balanced-20260914/data/n050-set03/family/medium-heterogeneous/wide/m4.dat	d2940e46464043cb8cb00177e473b97b176f2f4b16d13552bdaf69846f5dff44
D:/ccx_work/考虑交付的机器调度/work1/instances/family-count-balanced-20260914/data/n050-set03/family/medium-heterogeneous/zero/m4.dat	4ccd97b4464c12313fceaa280ecfa0f2b9885e9012a2c25449af5dd0df8b5c3a
D:/ccx_work/考虑交付的机器调度/work1/instances/family-count-balanced-20260914/data/n050-set04/family/base/narrow/m4.dat	5b2cce581b10a2a69e033c9e4b82baa179eb620025302d259113f29b17894bc3
D:/ccx_work/考虑交付的机器调度/work1/instances/family-count-balanced-20260914/data/n050-set04/family/base/wide/m4.dat	74a40093e5fb7528c84ca90c66bec9ebb871d3a59da09a3d68eff3c096412e63
D:/ccx_work/考虑交付的机器调度/work1/instances/family-count-balanced-20260914/data/n050-set04/family/base/zero/m4.dat	72243dc8a856fc2f20cbbfa1d824f4eca1c770bb84be38a2adb1d1e0686d5d5c
D:/ccx_work/考虑交付的机器调度/work1/instances/family-count-balanced-20260914/data/n050-set04/family/high-heterogeneous/narrow/m4.dat	074a95d26a385df6db98074de0181b7b5715ea8d75284782e215b38c4cd052e4
D:/ccx_work/考虑交付的机器调度/work1/instances/family-count-balanced-20260914/data/n050-set04/family/high-heterogeneous/wide/m4.dat	21c2f46493b5e96c5c50243c5de427ed3b2d691ef13b0f99630b194dad7eac2e
D:/ccx_work/考虑交付的机器调度/work1/instances/family-count-balanced-20260914/data/n050-set04/family/high-heterogeneous/zero/m4.dat	f24e0af2e5138dcba32fb0b7ab0484aa613bdd47d4a390ac06fc450b12af8f85
D:/ccx_work/考虑交付的机器调度/work1/instances/family-count-balanced-20260914/data/n050-set04/family/medium-heterogeneous/narrow/m4.dat	6e66e477e04bd05e3146368834d257945f32a4ae3c11b06095d0188912dd58a6
D:/ccx_work/考虑交付的机器调度/work1/instances/family-count-balanced-20260914/data/n050-set04/family/medium-heterogeneous/wide/m4.dat	051cfa042212c44f9ae7cebb30deb8bf1eb0acccd72054d24f2b2627bd29ed8e
D:/ccx_work/考虑交付的机器调度/work1/instances/family-count-balanced-20260914/data/n050-set04/family/medium-heterogeneous/zero/m4.dat	9230cc76081f68b22e110c258d9edb05c54cda62893823873b4697d21ca5c7d9
D:/ccx_work/考虑交付的机器调度/work1/instances/family-count-balanced-20260914/data/n050-set05/family/base/narrow/m4.dat	9b6719e3a56ff394409446437a618e3da027a3d10bb127d81efd8957faee80f6
D:/ccx_work/考虑交付的机器调度/work1/instances/family-count-balanced-20260914/data/n050-set05/family/base/wide/m4.dat	4d98e321887100a9766aa4b3e1ca6d9da47b522724ecb7628903a126fab312fd
D:/ccx_work/考虑交付的机器调度/work1/instances/family-count-balanced-20260914/data/n050-set05/family/base/zero/m4.dat	4de3539685dfd3ca85f267e308285e631dd3da4df1b1a27b30a0defc52ab92ba
D:/ccx_work/考虑交付的机器调度/work1/instances/family-count-balanced-20260914/data/n050-set05/family/high-heterogeneous/narrow/m4.dat	d89759d4d89acb97b4c0d92514926a7edf8982ea31ca124ba51aba119d812eb7
D:/ccx_work/考虑交付的机器调度/work1/instances/family-count-balanced-20260914/data/n050-set05/family/high-heterogeneous/wide/m4.dat	abb5d35c4bc6a9467fff53f787ec4c8577277d547a17e19a066b6c7f356ba62e
D:/ccx_work/考虑交付的机器调度/work1/instances/family-count-balanced-20260914/data/n050-set05/family/high-heterogeneous/zero/m4.dat	9c652bc80018b39fb2c00ce1601856aa88c63e99ea09494832453d3f27aa4038
D:/ccx_work/考虑交付的机器调度/work1/instances/family-count-balanced-20260914/data/n050-set05/family/medium-heterogeneous/narrow/m4.dat	043743a3fbeb5fd18eeb8a4a86459710f3d8e1240b8e958a27720ebd025d0102
D:/ccx_work/考虑交付的机器调度/work1/instances/family-count-balanced-20260914/data/n050-set05/family/medium-heterogeneous/wide/m4.dat	ec79a70d504dea3a1bee76abdd54e57c5a0eaf8c21fcfae003f67bda0c490c34
D:/ccx_work/考虑交付的机器调度/work1/instances/family-count-balanced-20260914/data/n050-set05/family/medium-heterogeneous/zero/m4.dat	0f1bc00aa27447774c4deac0a4634b375af003730cfdd7626e24c56494369e72
D:/ccx_work/考虑交付的机器调度/work1/instances/family-count-balanced-20260914/data/n060-set01/family/base/narrow/m4.dat	1f41a045d2fcab88307f775dd3d80c91760e8ca55098b4b59a2383292c3362aa
D:/ccx_work/考虑交付的机器调度/work1/instances/family-count-balanced-20260914/data/n060-set01/family/base/wide/m4.dat	d9a092edb60193169a8fb6aff5ee90fa4a7753c89f8632a905b5dc2432b49339
D:/ccx_work/考虑交付的机器调度/work1/instances/family-count-balanced-20260914/data/n060-set01/family/base/zero/m4.dat	52c65c68c8d5d670a8eeaf7123a8897c23d5ba9e8904c547476dc2ee81117f3b
D:/ccx_work/考虑交付的机器调度/work1/instances/family-count-balanced-20260914/data/n060-set01/family/high-heterogeneous/narrow/m4.dat	b4d3a028ff73e5b16d7e0f60dd7ad62692dc99f03d77bc2dc1c0c734a2ff4f0c
D:/ccx_work/考虑交付的机器调度/work1/instances/family-count-balanced-20260914/data/n060-set01/family/high-heterogeneous/wide/m4.dat	a7ca685a657089ee0e0cca4c7eef86729c768a217f8f580d3ad8dfa1df5dd24a
D:/ccx_work/考虑交付的机器调度/work1/instances/family-count-balanced-20260914/data/n060-set01/family/high-heterogeneous/zero/m4.dat	fc9ec8175ae77793cc10b93f2f7ffd125180083b116118359b9eb60ecac169db
D:/ccx_work/考虑交付的机器调度/work1/instances/family-count-balanced-20260914/data/n060-set01/family/medium-heterogeneous/narrow/m4.dat	d12e613f196d711b508b044e6f9a298f19066e706a20ae6f8be1a2a8dbb8f3ee
D:/ccx_work/考虑交付的机器调度/work1/instances/family-count-balanced-20260914/data/n060-set01/family/medium-heterogeneous/wide/m4.dat	189ccb049745fb0043490af15fa17c01bf99b8940f57807a8c81c786b689c8b9
D:/ccx_work/考虑交付的机器调度/work1/instances/family-count-balanced-20260914/data/n060-set01/family/medium-heterogeneous/zero/m4.dat	518685ce7cde8afb5b5b3c8d5d08e1b76dc89d9518fd188f55b8aa198dee5a72
D:/ccx_work/考虑交付的机器调度/work1/instances/family-count-balanced-20260914/data/n060-set02/family/base/narrow/m4.dat	360ca9968a771a1bac9d54fbdc486f4fabea7e4d25c0d56fb45afb8efd4d280a
D:/ccx_work/考虑交付的机器调度/work1/instances/family-count-balanced-20260914/data/n060-set02/family/base/wide/m4.dat	76bcc51709b8ef35b82002a32f527a0cd76a5c33675824d65c27383cd817fcbe
D:/ccx_work/考虑交付的机器调度/work1/instances/family-count-balanced-20260914/data/n060-set02/family/base/zero/m4.dat	d3e10bfcb3e2beab2adcc521f70b986feaefbf41101a615f465a2eaa043b7460
D:/ccx_work/考虑交付的机器调度/work1/instances/family-count-balanced-20260914/data/n060-set02/family/high-heterogeneous/narrow/m4.dat	2b0ecda136a512ed7ad000989eb3b8570ffe76e15f7e2af95aa20ab7f558ac64
D:/ccx_work/考虑交付的机器调度/work1/instances/family-count-balanced-20260914/data/n060-set02/family/high-heterogeneous/wide/m4.dat	cb5b7f68cbb577098bfa9ddb479fa0de7533b86a14decfe2da62aa2aa7153ba4
D:/ccx_work/考虑交付的机器调度/work1/instances/family-count-balanced-20260914/data/n060-set02/family/high-heterogeneous/zero/m4.dat	1af5fc8d97dfb0ad9bbbd5e5b36135da4d61b72a3923c5e0eaf30a72bed887bf
D:/ccx_work/考虑交付的机器调度/work1/instances/family-count-balanced-20260914/data/n060-set02/family/medium-heterogeneous/narrow/m4.dat	c4422ed037ebcb0fa85fca14eccef08daeaeae802ceae9a9311b3593ebe190be
D:/ccx_work/考虑交付的机器调度/work1/instances/family-count-balanced-20260914/data/n060-set02/family/medium-heterogeneous/wide/m4.dat	b2291bf9c73d55170371eaf8bb7823f7eb3c0dc6e7058a0469cf0b6afd59ef0f
D:/ccx_work/考虑交付的机器调度/work1/instances/family-count-balanced-20260914/data/n060-set02/family/medium-heterogeneous/zero/m4.dat	98745cfc144af0bddb2c0b5d892d358341b045f146c1a5a4fba4e9e8849b99ff
D:/ccx_work/考虑交付的机器调度/work1/instances/family-count-balanced-20260914/data/n060-set03/family/base/narrow/m4.dat	6adad11c90421f9c7206d4d1a8317323feac017e69993db4a7f5825f7bf58aee
D:/ccx_work/考虑交付的机器调度/work1/instances/family-count-balanced-20260914/data/n060-set03/family/base/wide/m4.dat	15fe2df8f5a627e0122e369f25b7ebadf0007739c9d80cd98158b719aaee88aa
D:/ccx_work/考虑交付的机器调度/work1/instances/family-count-balanced-20260914/data/n060-set03/family/base/zero/m4.dat	7702921fbe40c3980f3b100bd8994028ff3338c95323e6d23da1c1d9368bb888
D:/ccx_work/考虑交付的机器调度/work1/instances/family-count-balanced-20260914/data/n060-set03/family/high-heterogeneous/narrow/m4.dat	571d74be2e17a89ffaca44aaabcc03e0d6b3bbfec64c285ee9f4b2a929f7e595
D:/ccx_work/考虑交付的机器调度/work1/instances/family-count-balanced-20260914/data/n060-set03/family/high-heterogeneous/wide/m4.dat	dc95501fb1b9da1cbfc83829e3e391d484b2253582a24dc1ecb32baa6b92de2c
D:/ccx_work/考虑交付的机器调度/work1/instances/family-count-balanced-20260914/data/n060-set03/family/high-heterogeneous/zero/m4.dat	00434c665d73045bbca6d6589fc13a92840f13971f812743e6078da9e2d85209
D:/ccx_work/考虑交付的机器调度/work1/instances/family-count-balanced-20260914/data/n060-set03/family/medium-heterogeneous/narrow/m4.dat	40731d3140af382667d9b800cc604d39fe98d8397d8c692f796bc14007f5bfa0
D:/ccx_work/考虑交付的机器调度/work1/instances/family-count-balanced-20260914/data/n060-set03/family/medium-heterogeneous/wide/m4.dat	76649a2969eaa7d130176a45dae9581e58906488cd985e8940f48ce44c5d3c4a
D:/ccx_work/考虑交付的机器调度/work1/instances/family-count-balanced-20260914/data/n060-set03/family/medium-heterogeneous/zero/m4.dat	dbbdd1885f923dbbc40d48103d5131f759aecd293d444189c2c8d65cd697460b
D:/ccx_work/考虑交付的机器调度/work1/instances/family-count-balanced-20260914/data/n060-set04/family/base/narrow/m4.dat	8bfc2faf60a92576e9abcaa744ecae8e2465c7885b17f3bd7f204a96cf3c5d1b
D:/ccx_work/考虑交付的机器调度/work1/instances/family-count-balanced-20260914/data/n060-set04/family/base/wide/m4.dat	9ba371ed222a0fa89ca736e298fc5f3b8fb0178cccf6e8e91dc6b9d3ec8a36ca
D:/ccx_work/考虑交付的机器调度/work1/instances/family-count-balanced-20260914/data/n060-set04/family/base/zero/m4.dat	9c2e9fe697f962d201b190bd25f56bb7e4a7d9a4fd3e4dcd454a2da5d50bd5d9
D:/ccx_work/考虑交付的机器调度/work1/instances/family-count-balanced-20260914/data/n060-set04/family/high-heterogeneous/narrow/m4.dat	1782d907e8f366f7821fb0cf93e77bfe52f9a53567fb1459b66dd4116f742829
D:/ccx_work/考虑交付的机器调度/work1/instances/family-count-balanced-20260914/data/n060-set04/family/high-heterogeneous/wide/m4.dat	29248fc9c783897920a850b8446d89b90cd2f62075cc6ca16be74f658a867447
D:/ccx_work/考虑交付的机器调度/work1/instances/family-count-balanced-20260914/data/n060-set04/family/high-heterogeneous/zero/m4.dat	f30adbd3ef9e9c8dab3bf5dd6f46664d9a52230c0ec5632a984ba1987cb05dba
D:/ccx_work/考虑交付的机器调度/work1/instances/family-count-balanced-20260914/data/n060-set04/family/medium-heterogeneous/narrow/m4.dat	9d5a7d2e8ed6c5847838637c1c5fe0746dcbd0c4fe5f6336e3af374083c91374
D:/ccx_work/考虑交付的机器调度/work1/instances/family-count-balanced-20260914/data/n060-set04/family/medium-heterogeneous/wide/m4.dat	96480796feb4b11a149f4d410e2df59970cf2430295d2a44825449299377d80e
D:/ccx_work/考虑交付的机器调度/work1/instances/family-count-balanced-20260914/data/n060-set04/family/medium-heterogeneous/zero/m4.dat	e1d527f171508a309ff85e789eea3868fe92131da7efaaea6c5d302d095f599a
D:/ccx_work/考虑交付的机器调度/work1/instances/family-count-balanced-20260914/data/n060-set05/family/base/narrow/m4.dat	b0ddce0a84018bc3d1befc59b433879d8aa8ef2200b1d280a51a377cf5ebd31e
D:/ccx_work/考虑交付的机器调度/work1/instances/family-count-balanced-20260914/data/n060-set05/family/base/wide/m4.dat	25996a35c6bff6ea3d8a6f89884c0431a6f0e7a59259c1c78c76a334b742ce29
D:/ccx_work/考虑交付的机器调度/work1/instances/family-count-balanced-20260914/data/n060-set05/family/base/zero/m4.dat	a64e2fb38ba854f1b791e7877ac8987f0d9371bad30ee91d61919259a4fc41f5
D:/ccx_work/考虑交付的机器调度/work1/instances/family-count-balanced-20260914/data/n060-set05/family/high-heterogeneous/narrow/m4.dat	43e10bd3cb33503eec0fd57023fb1d757b8b27ac22e0bcace64bce6fb66f770a
D:/ccx_work/考虑交付的机器调度/work1/instances/family-count-balanced-20260914/data/n060-set05/family/high-heterogeneous/wide/m4.dat	05d1a5de99586b6d29c4a016fb9cde3df1be456694e4193b4e92da529f82bbae
D:/ccx_work/考虑交付的机器调度/work1/instances/family-count-balanced-20260914/data/n060-set05/family/high-heterogeneous/zero/m4.dat	99d79fce2366db15d1ff15d6fcb9ac7e77e17e3951c21e3de54cbc5ef8d1d874
D:/ccx_work/考虑交付的机器调度/work1/instances/family-count-balanced-20260914/data/n060-set05/family/medium-heterogeneous/narrow/m4.dat	acab79ec7535faeada17e5b6022b69be45ac0f747d453f0bfd230f8dcce477cc
D:/ccx_work/考虑交付的机器调度/work1/instances/family-count-balanced-20260914/data/n060-set05/family/medium-heterogeneous/wide/m4.dat	a98f1b02f5a4152cf1bda10070fa521ac317458a4aa7d1c93dfd52e23efb25e9
D:/ccx_work/考虑交付的机器调度/work1/instances/family-count-balanced-20260914/data/n060-set05/family/medium-heterogeneous/zero/m4.dat	db9937be51808c02869c8eb479f12c9840e8df2e6858a884ed73acd9a9212b22
D:/ccx_work/考虑交付的机器调度/work1/instances/family-count-balanced-20260914/data/n050-set01/family/base/narrow/m3.dat	f5fcb69a0cb30d8b28aec0dc5c20c8a33acc5133ac255539926ab9c7ef0bd899
D:/ccx_work/考虑交付的机器调度/work1/instances/family-count-balanced-20260914/data/n050-set01/family/base/wide/m3.dat	01cbf7bf266423c75a070742811ff5412d1da923f0e528a6fc9e9c9cbb70df85
D:/ccx_work/考虑交付的机器调度/work1/instances/family-count-balanced-20260914/data/n050-set01/family/base/zero/m3.dat	73aef7ac0c0d9fc6ef5a808da53004ce58079e872b43464d6ca4cbd29992f1e0
D:/ccx_work/考虑交付的机器调度/work1/instances/family-count-balanced-20260914/data/n050-set01/family/high-heterogeneous/narrow/m3.dat	90efd647dccb8424e8f3b1bb1b96d7453425557bb26550797023af4669cf513b
D:/ccx_work/考虑交付的机器调度/work1/instances/family-count-balanced-20260914/data/n050-set01/family/high-heterogeneous/wide/m3.dat	679b652bdcd64449e8708a14db66991c4758b19417c39f75d3e93df1dd34750a
D:/ccx_work/考虑交付的机器调度/work1/instances/family-count-balanced-20260914/data/n050-set01/family/high-heterogeneous/zero/m3.dat	e9e7dae27d3731fc85c92718641e4dfa5aff18a1c58fdd85877fcf1b17f03d8d
D:/ccx_work/考虑交付的机器调度/work1/instances/family-count-balanced-20260914/data/n050-set01/family/medium-heterogeneous/narrow/m3.dat	83af0102abc3a1b841b504962d9f49d187ac44d28794b573e7acbabede578567
D:/ccx_work/考虑交付的机器调度/work1/instances/family-count-balanced-20260914/data/n050-set01/family/medium-heterogeneous/wide/m3.dat	dd682d386abacd8712b33514d046e9bb14030bbc0cb28f98441ff52850aa01d1
D:/ccx_work/考虑交付的机器调度/work1/instances/family-count-balanced-20260914/data/n050-set01/family/medium-heterogeneous/zero/m3.dat	88a1e415e3b0fbadd9b48c01077fe3a6535d783bf00160aa629820bb52657023
D:/ccx_work/考虑交付的机器调度/work1/instances/family-count-balanced-20260914/data/n050-set02/family/base/narrow/m3.dat	c1d8df03227220432ddd2a8988e6d82cf8468a27945888f0a8297fbf5de6df1f
D:/ccx_work/考虑交付的机器调度/work1/instances/family-count-balanced-20260914/data/n050-set02/family/base/wide/m3.dat	de24a6271f01a9bc412444b9e13e6712af732c8109873643549a3dd5da91d6db
D:/ccx_work/考虑交付的机器调度/work1/instances/family-count-balanced-20260914/data/n050-set02/family/base/zero/m3.dat	df315e97dfe9f65b351f7b25584da8c521159f09245667aa49049bdd84de693b
D:/ccx_work/考虑交付的机器调度/work1/instances/family-count-balanced-20260914/data/n050-set02/family/high-heterogeneous/narrow/m3.dat	037832d660cdfb669e154401aa91ee69406f9699bcd77b3f8c8b7870d2de008a
D:/ccx_work/考虑交付的机器调度/work1/instances/family-count-balanced-20260914/data/n050-set02/family/high-heterogeneous/wide/m3.dat	559d690bdc9d8a899194f97627caee488d9ddbade56c88303e5d39db19a7add3
D:/ccx_work/考虑交付的机器调度/work1/instances/family-count-balanced-20260914/data/n050-set02/family/high-heterogeneous/zero/m3.dat	58ffe43be21877a7b051941134dedf4e476c06443ec162bea8ac26ac9a66c59d
D:/ccx_work/考虑交付的机器调度/work1/instances/family-count-balanced-20260914/data/n050-set02/family/medium-heterogeneous/narrow/m3.dat	71171628fac7fd330666341e0c913a0e37e8171706b37c354dc831b34210a1d0
D:/ccx_work/考虑交付的机器调度/work1/instances/family-count-balanced-20260914/data/n050-set02/family/medium-heterogeneous/wide/m3.dat	823d80ef79eac9a84a026f3df5589a131d7f4840e65ea2c4058d48ae1a4086e8
D:/ccx_work/考虑交付的机器调度/work1/instances/family-count-balanced-20260914/data/n050-set02/family/medium-heterogeneous/zero/m3.dat	dc4b775ec465b197804bc484b0de51c415e510cae8d02a4ccf54c227d02347ce
D:/ccx_work/考虑交付的机器调度/work1/instances/family-count-balanced-20260914/data/n050-set03/family/base/narrow/m3.dat	98efb678605446ad1b31594a7d68c059b8f0ded884dcb5394c54f3c3195b35f6
D:/ccx_work/考虑交付的机器调度/work1/instances/family-count-balanced-20260914/data/n050-set03/family/base/wide/m3.dat	95643956273462a04115fd0c61b7a4da990e33f6429173106be7b1e143838d54
D:/ccx_work/考虑交付的机器调度/work1/instances/family-count-balanced-20260914/data/n050-set03/family/base/zero/m3.dat	86817b7c755dfe435cb8b26aaadbd37b530ab4021d49e24c29db6d86e261f7f4
D:/ccx_work/考虑交付的机器调度/work1/instances/family-count-balanced-20260914/data/n050-set03/family/high-heterogeneous/narrow/m3.dat	1f9f5668720e0b3d39dfb41ac4aad36f4d0a33b3475c1aba884b3caac2e0a3e5
D:/ccx_work/考虑交付的机器调度/work1/instances/family-count-balanced-20260914/data/n050-set03/family/high-heterogeneous/wide/m3.dat	6ff667c9e6bef1cb4659f9b57799bd7a2b39a6072612d22989ccae53d361eeaf
D:/ccx_work/考虑交付的机器调度/work1/instances/family-count-balanced-20260914/data/n050-set03/family/high-heterogeneous/zero/m3.dat	3b706469a9ccf7efbc438ae6b95a99ba4e6483bf59bfd0a651499095b2b0af8e
D:/ccx_work/考虑交付的机器调度/work1/instances/family-count-balanced-20260914/data/n050-set03/family/medium-heterogeneous/narrow/m3.dat	8c1dc1c8f545b505e02933d9265af9a82d58c1a43e0359df3d328639241e113d
D:/ccx_work/考虑交付的机器调度/work1/instances/family-count-balanced-20260914/data/n050-set03/family/medium-heterogeneous/wide/m3.dat	402d2a2ef0ceb17cedb20ef51eff25ae8bf5f27a739318c4aa68ba37e7df5f07
D:/ccx_work/考虑交付的机器调度/work1/instances/family-count-balanced-20260914/data/n050-set03/family/medium-heterogeneous/zero/m3.dat	04b1fbea8c78f08dbfd4f181073d19e45784d140736ccf4d281866d1cf499a2d
D:/ccx_work/考虑交付的机器调度/work1/instances/family-count-balanced-20260914/data/n050-set04/family/base/narrow/m3.dat	f8e0cd68b6e6e84851fd0329eeac9f2d6792c6782dcae757efab584c5a338bc8
D:/ccx_work/考虑交付的机器调度/work1/instances/family-count-balanced-20260914/data/n050-set04/family/base/wide/m3.dat	9476a8999153e91005332553d3e1fa5a220659d5c5956611132529057d8182b6
D:/ccx_work/考虑交付的机器调度/work1/instances/family-count-balanced-20260914/data/n050-set04/family/base/zero/m3.dat	9767c44b2bdff807f39842f46c3ca39440a3e360b8405f5ee4f35e78cad66ee9
D:/ccx_work/考虑交付的机器调度/work1/instances/family-count-balanced-20260914/data/n050-set04/family/high-heterogeneous/narrow/m3.dat	de692235964f8e1d025db5bfc6acd0abe7ce307a969248944c845eda304483ce
D:/ccx_work/考虑交付的机器调度/work1/instances/family-count-balanced-20260914/data/n050-set04/family/high-heterogeneous/wide/m3.dat	10f0d2ad68ba73ea5a4f38d23b763ffc866b0b468525048dab0a15f91267d17e
D:/ccx_work/考虑交付的机器调度/work1/instances/family-count-balanced-20260914/data/n050-set04/family/high-heterogeneous/zero/m3.dat	cd8584d5c573486249618e3df5b1b38bb71ef135f95f3755b7191f3409fcee15
D:/ccx_work/考虑交付的机器调度/work1/instances/family-count-balanced-20260914/data/n050-set04/family/medium-heterogeneous/narrow/m3.dat	dfc6048227374b289419bbdc32fb1f54a6e50a18afabb968d6cd519b829aaa02
D:/ccx_work/考虑交付的机器调度/work1/instances/family-count-balanced-20260914/data/n050-set04/family/medium-heterogeneous/wide/m3.dat	ee3901ee5359638244c6f98fab058cfbc845654b0f6c0a4c539205fed13f36d3
D:/ccx_work/考虑交付的机器调度/work1/instances/family-count-balanced-20260914/data/n050-set04/family/medium-heterogeneous/zero/m3.dat	040a8d33e230796ad39b2e169b3926fa61de82899ce88c4889260f80185e7dd1
D:/ccx_work/考虑交付的机器调度/work1/instances/family-count-balanced-20260914/data/n050-set05/family/base/narrow/m3.dat	3dabbd89f78ad4a98145c74e6c26ade555ef6220d5a9adf2e81b4984055ca1a3
D:/ccx_work/考虑交付的机器调度/work1/instances/family-count-balanced-20260914/data/n050-set05/family/base/wide/m3.dat	0a4c8b763a6e1566d2135156d0dc1d427a87d3fd91e72c690cd704d36ccf884d
D:/ccx_work/考虑交付的机器调度/work1/instances/family-count-balanced-20260914/data/n050-set05/family/base/zero/m3.dat	2f294233d81f1e7a1cc67b05ee6497cf110bdc3130d4891fd48f04df8e2a2a76
D:/ccx_work/考虑交付的机器调度/work1/instances/family-count-balanced-20260914/data/n050-set05/family/high-heterogeneous/narrow/m3.dat	7d88d2b41ed1863a5de9fdc92c6ccf8e06f9fe5fc7a3c43015b90a49567982c8
D:/ccx_work/考虑交付的机器调度/work1/instances/family-count-balanced-20260914/data/n050-set05/family/high-heterogeneous/wide/m3.dat	01dd84c09cd898a8f3fd3a34efa097c614c4a574e77766931c873839a572f95e
D:/ccx_work/考虑交付的机器调度/work1/instances/family-count-balanced-20260914/data/n050-set05/family/high-heterogeneous/zero/m3.dat	fa064fd47cc045c9bd7cf50b7f342502cd17646d5394939cc1e008694d09631b
D:/ccx_work/考虑交付的机器调度/work1/instances/family-count-balanced-20260914/data/n050-set05/family/medium-heterogeneous/narrow/m3.dat	2d3a884da95b9952d9905c70b2a751f01b4fe5773d1affb33ef7fd9fafc9ce5e
D:/ccx_work/考虑交付的机器调度/work1/instances/family-count-balanced-20260914/data/n050-set05/family/medium-heterogeneous/wide/m3.dat	fee74ddd8cc46a9c3ae3f7cbd457ba39103a702e962fa67f32073636f5346304
D:/ccx_work/考虑交付的机器调度/work1/instances/family-count-balanced-20260914/data/n050-set05/family/medium-heterogeneous/zero/m3.dat	ec387a92365aaa9d386914cdc34a600239d4c7ce6154f6899317dd29dddb5059
D:/ccx_work/考虑交付的机器调度/work1/instances/family-count-balanced-20260914/data/n060-set01/family/base/narrow/m3.dat	275afc5d5a62e2a0c61482bbc6b6f06efb1639d1d2f659a0ff41fc8e89733de5
D:/ccx_work/考虑交付的机器调度/work1/instances/family-count-balanced-20260914/data/n060-set01/family/base/wide/m3.dat	c94105a7a36fe4df7f575f98085360548f08788192a3c677071ae4c633b73941
D:/ccx_work/考虑交付的机器调度/work1/instances/family-count-balanced-20260914/data/n060-set01/family/base/zero/m3.dat	dab32d1ae64246dfaad92541318424378c7cd94755b6b4a7e486d09533883e4f
D:/ccx_work/考虑交付的机器调度/work1/instances/family-count-balanced-20260914/data/n060-set01/family/high-heterogeneous/narrow/m3.dat	e85ab572756e7c6262f9d289d6eabd599334d5b3275fb09f3ae4d431ab596890
D:/ccx_work/考虑交付的机器调度/work1/instances/family-count-balanced-20260914/data/n060-set01/family/high-heterogeneous/wide/m3.dat	af952f8cce66d2ae51e31014ba04bec6b12f2b8177d1035402aa0895b2c87516
D:/ccx_work/考虑交付的机器调度/work1/instances/family-count-balanced-20260914/data/n060-set01/family/high-heterogeneous/zero/m3.dat	8497cb2ba0dfecdabed1adc60e6929e27e6e04ad79af1a1035858300c58aaaa2
D:/ccx_work/考虑交付的机器调度/work1/instances/family-count-balanced-20260914/data/n060-set01/family/medium-heterogeneous/narrow/m3.dat	6e0fa7247185dfd5cfd2f2d966017da830b2819fa1d4ca33dc571de0ec9a78a3
D:/ccx_work/考虑交付的机器调度/work1/instances/family-count-balanced-20260914/data/n060-set01/family/medium-heterogeneous/wide/m3.dat	fc81ae863686e7e5124d0b8a94d5e3deb92160e47ad00645f6ad310aab4d75bd
D:/ccx_work/考虑交付的机器调度/work1/instances/family-count-balanced-20260914/data/n060-set01/family/medium-heterogeneous/zero/m3.dat	330b8425e981c353941f85574e6a918fb445ae97fbc37dab540a29b602aea6d2
D:/ccx_work/考虑交付的机器调度/work1/instances/family-count-balanced-20260914/data/n060-set02/family/base/narrow/m3.dat	10d368b25466fe64b50af3a341f6a108a78e4a31ce6909c826999907c7c1baff
D:/ccx_work/考虑交付的机器调度/work1/instances/family-count-balanced-20260914/data/n060-set02/family/base/wide/m3.dat	0bc0fcff848d250ac86b75f7bfb1771cbcfb8143cfc626d42f7665726dece112
D:/ccx_work/考虑交付的机器调度/work1/instances/family-count-balanced-20260914/data/n060-set02/family/base/zero/m3.dat	5ab46afc6c0a54bccdd5af6dfa188aa346ef268b3633b3b07588ba138344fc27
D:/ccx_work/考虑交付的机器调度/work1/instances/family-count-balanced-20260914/data/n060-set02/family/high-heterogeneous/narrow/m3.dat	238e7d0ec50bf043cb38913e40495b2a00d69d6ebb30a4207da123e62105c4a2
D:/ccx_work/考虑交付的机器调度/work1/instances/family-count-balanced-20260914/data/n060-set02/family/high-heterogeneous/wide/m3.dat	aa76b25ba89e1a64b62df485b50b48d27fffe6ebeb76d19e9d6e1832feaff324
D:/ccx_work/考虑交付的机器调度/work1/instances/family-count-balanced-20260914/data/n060-set02/family/high-heterogeneous/zero/m3.dat	4c7ab06dabcdddaba94f2088992ecf07f6040bf9fe379e90edccd03f2e9708a5
D:/ccx_work/考虑交付的机器调度/work1/instances/family-count-balanced-20260914/data/n060-set02/family/medium-heterogeneous/narrow/m3.dat	86ad25021875e7960fd15ae3bb2168da0cf063df4470efc70b14b1984300ea41
D:/ccx_work/考虑交付的机器调度/work1/instances/family-count-balanced-20260914/data/n060-set02/family/medium-heterogeneous/wide/m3.dat	4736b765a6bffe9ec338c52d6c0971872b3c85562b2f29ff4b83d3a608c2bfbe
D:/ccx_work/考虑交付的机器调度/work1/instances/family-count-balanced-20260914/data/n060-set02/family/medium-heterogeneous/zero/m3.dat	5757f7086b4da6268c5ce723d07f04874bb0608f97c6a7b2411aeec79bfa9320
D:/ccx_work/考虑交付的机器调度/work1/instances/family-count-balanced-20260914/data/n060-set03/family/base/narrow/m3.dat	7653a6862690c79a0683564798005ea2a583d95141d49c8c55db9fb0d0f4848a
D:/ccx_work/考虑交付的机器调度/work1/instances/family-count-balanced-20260914/data/n060-set03/family/base/wide/m3.dat	53d932c7779049e07adfac0404dc64be5f765a72e36a4f4d1fab9d6680f3e24c
D:/ccx_work/考虑交付的机器调度/work1/instances/family-count-balanced-20260914/data/n060-set03/family/base/zero/m3.dat	3c52056071b0fae71735f57c49aefd31bcb04e45bc7055632f19da15617a534e
D:/ccx_work/考虑交付的机器调度/work1/instances/family-count-balanced-20260914/data/n060-set03/family/high-heterogeneous/narrow/m3.dat	7ac1c509f21994de99ec35091852d854f8342bf51675a0e6e925a97330e549c7
D:/ccx_work/考虑交付的机器调度/work1/instances/family-count-balanced-20260914/data/n060-set03/family/high-heterogeneous/wide/m3.dat	b5e50853fb5d72fa4d4047e4515248a63ba231dfdc8965c309a9886ea8d2222c
D:/ccx_work/考虑交付的机器调度/work1/instances/family-count-balanced-20260914/data/n060-set03/family/high-heterogeneous/zero/m3.dat	73455ede9a51485251ddcab52749a5ad47bd6a5b76fd20b43091cb5c408d4777
D:/ccx_work/考虑交付的机器调度/work1/instances/family-count-balanced-20260914/data/n060-set03/family/medium-heterogeneous/narrow/m3.dat	0cba7e78c00a07de9bc8872ee4e142c149c009c5d987ef8eeea928f7d9fd0893
D:/ccx_work/考虑交付的机器调度/work1/instances/family-count-balanced-20260914/data/n060-set03/family/medium-heterogeneous/wide/m3.dat	926cbebe7fc560be7acf15de33100944eb989d73e91fbf0fffafbd470bd95162
D:/ccx_work/考虑交付的机器调度/work1/instances/family-count-balanced-20260914/data/n060-set03/family/medium-heterogeneous/zero/m3.dat	c840a45704a5550d305022866441ae60910dfb6bcecd86d6fd4a1b55fab7b633
D:/ccx_work/考虑交付的机器调度/work1/instances/family-count-balanced-20260914/data/n060-set04/family/base/narrow/m3.dat	8d12504783b8b33cf5ad93024e875b65d8713e26d0a21f1705784305ae67ef14
D:/ccx_work/考虑交付的机器调度/work1/instances/family-count-balanced-20260914/data/n060-set04/family/base/wide/m3.dat	87a54da5c6726387375925eab3ad2dd490b3535adea23459193ff7f3adfba543
D:/ccx_work/考虑交付的机器调度/work1/instances/family-count-balanced-20260914/data/n060-set04/family/base/zero/m3.dat	955067cef6296bbfb39e9d4577cec76a43f1013250d235209d20a757bc87b71e
D:/ccx_work/考虑交付的机器调度/work1/instances/family-count-balanced-20260914/data/n060-set04/family/high-heterogeneous/narrow/m3.dat	78a56b265677a5f0cab81a20096f52083508af82cd716d9fcc192d2230e48c68
D:/ccx_work/考虑交付的机器调度/work1/instances/family-count-balanced-20260914/data/n060-set04/family/high-heterogeneous/wide/m3.dat	9774a1da02e76260e74ec227ad2b213fc46f8730d6e7fb38498865ad0754ade4
D:/ccx_work/考虑交付的机器调度/work1/instances/family-count-balanced-20260914/data/n060-set04/family/high-heterogeneous/zero/m3.dat	357ed80b75854cb368e889f49cd95547cb2682fb7a7c2a642ec09aab33d1b83e
D:/ccx_work/考虑交付的机器调度/work1/instances/family-count-balanced-20260914/data/n060-set04/family/medium-heterogeneous/narrow/m3.dat	39897f7d2435296da9513f33f165eff1c4ed648262d8bb12ae69d11d17f96f7a
D:/ccx_work/考虑交付的机器调度/work1/instances/family-count-balanced-20260914/data/n060-set04/family/medium-heterogeneous/wide/m3.dat	16a01c1f3c5d3f3cfb29468a847186429504c5aff0dd3678716806e6404af650
D:/ccx_work/考虑交付的机器调度/work1/instances/family-count-balanced-20260914/data/n060-set04/family/medium-heterogeneous/zero/m3.dat	1fbf7386416935eaa01ba005e2437bd029181725337ebc5645bfa1b1c6798e03
D:/ccx_work/考虑交付的机器调度/work1/instances/family-count-balanced-20260914/data/n060-set05/family/base/narrow/m3.dat	d7cc92f2618480ec192ad0cead72b81ce55b1955facae6ab3f5dfc2868abd065
D:/ccx_work/考虑交付的机器调度/work1/instances/family-count-balanced-20260914/data/n060-set05/family/base/wide/m3.dat	871ab8441c08c5397fb8bb1c5cbde8ee232356f4b678b32a7d5f21cd051dbd0f
D:/ccx_work/考虑交付的机器调度/work1/instances/family-count-balanced-20260914/data/n060-set05/family/base/zero/m3.dat	ad0f13475ecabb7bcab020fc2c7d24a51a3781cb546c7acb4237c71642da6cd8
D:/ccx_work/考虑交付的机器调度/work1/instances/family-count-balanced-20260914/data/n060-set05/family/high-heterogeneous/narrow/m3.dat	19cdb396603ee56aaa283a6887746c34f40a101915f9428219a190a64f1c4c48
D:/ccx_work/考虑交付的机器调度/work1/instances/family-count-balanced-20260914/data/n060-set05/family/high-heterogeneous/wide/m3.dat	8f37303b00451306e35a10a256219e1e1efc2139b07e6addd804edb637274201
D:/ccx_work/考虑交付的机器调度/work1/instances/family-count-balanced-20260914/data/n060-set05/family/high-heterogeneous/zero/m3.dat	c9f682492987d9036c2286a7d1a45cf3ba854c7eda309b3e64ea11b9c907a457
D:/ccx_work/考虑交付的机器调度/work1/instances/family-count-balanced-20260914/data/n060-set05/family/medium-heterogeneous/narrow/m3.dat	eb6de136351d25126f3caf90974b2be5ea796c0b9f1ca2d0a41398b62ff35dae
D:/ccx_work/考虑交付的机器调度/work1/instances/family-count-balanced-20260914/data/n060-set05/family/medium-heterogeneous/wide/m3.dat	b930a18d6fdccc51a863157e804695c2fa5f6f15a7ffad25ee61696ff79cd6a0
D:/ccx_work/考虑交付的机器调度/work1/instances/family-count-balanced-20260914/data/n060-set05/family/medium-heterogeneous/zero/m3.dat	ad34082293f7b6ade44cef45780b02f06dd3dd3893890d673755e4829e424e71
D:/ccx_work/考虑交付的机器调度/work1/instances/family-count-balanced-20260914/data/n050-set01/family/base/narrow/m2.dat	23eb1c0b0a86ac47390d6b4d1b81a726a642899e4405e713986b4b32f499acbb
D:/ccx_work/考虑交付的机器调度/work1/instances/family-count-balanced-20260914/data/n050-set01/family/base/wide/m2.dat	8345b2a62c88b440759af6ce1e7f9de9493789495426590f84ce707ecaacee9b
D:/ccx_work/考虑交付的机器调度/work1/instances/family-count-balanced-20260914/data/n050-set01/family/base/zero/m2.dat	7fe189d4fba1026d138936d163d76b926fb0a900f3fe6c4a3bd6ec61be9d2637
D:/ccx_work/考虑交付的机器调度/work1/instances/family-count-balanced-20260914/data/n050-set01/family/high-heterogeneous/narrow/m2.dat	d60a11beb1069d6837e26a90b6b0bbbdf8731dfca4ae4e08c65f3fbb89646bf8
D:/ccx_work/考虑交付的机器调度/work1/instances/family-count-balanced-20260914/data/n050-set01/family/high-heterogeneous/wide/m2.dat	49add5ed01af0e82fb0845543c609673eb09f32f4e99b064ad949f9dca90b514
D:/ccx_work/考虑交付的机器调度/work1/instances/family-count-balanced-20260914/data/n050-set01/family/high-heterogeneous/zero/m2.dat	c6fb5f0cbdadac91d1dc46988b7e5e0c358ede145f4999ceb255f94780c9df89
D:/ccx_work/考虑交付的机器调度/work1/instances/family-count-balanced-20260914/data/n050-set01/family/medium-heterogeneous/narrow/m2.dat	d1cf26d17d181f96bf091452fbc37178a1a1ef37d3a847fc9444aa1e4eb465f2
D:/ccx_work/考虑交付的机器调度/work1/instances/family-count-balanced-20260914/data/n050-set01/family/medium-heterogeneous/wide/m2.dat	f5b6ae689effa9e3b60fd4ffc565821367fa4b7dd41009718bc2f8c24502a09e
D:/ccx_work/考虑交付的机器调度/work1/instances/family-count-balanced-20260914/data/n050-set01/family/medium-heterogeneous/zero/m2.dat	8b5a5de770d17f73db9216b078eff0b1291978b01e952cedbd5a1e3d67d3c105
D:/ccx_work/考虑交付的机器调度/work1/instances/family-count-balanced-20260914/data/n050-set02/family/base/narrow/m2.dat	0b65ae66eb3ba69b13c5daaec8a67fa5bd466cb74a4869d5d538d3f9dd59c4b8
D:/ccx_work/考虑交付的机器调度/work1/instances/family-count-balanced-20260914/data/n050-set02/family/base/wide/m2.dat	bf1dfa2b15ab8ecf979c3cd5191a90db800920ebd9cc426ccb93bbe60c7e9d6e
D:/ccx_work/考虑交付的机器调度/work1/instances/family-count-balanced-20260914/data/n050-set02/family/base/zero/m2.dat	c5f46ef00a5976f8120fff6f8f4aa93b6f285fbe504534029b6f6d2feb707570
D:/ccx_work/考虑交付的机器调度/work1/instances/family-count-balanced-20260914/data/n050-set02/family/high-heterogeneous/narrow/m2.dat	03e01e3d45dec38f9720974ae03c4dd4d3cf998ed0d8f3420c7302f75156fd1d
D:/ccx_work/考虑交付的机器调度/work1/instances/family-count-balanced-20260914/data/n050-set02/family/high-heterogeneous/wide/m2.dat	7231940d217a90192a575a90961fdc8b0858667bb4ad0c32be8c73b352b462a1
D:/ccx_work/考虑交付的机器调度/work1/instances/family-count-balanced-20260914/data/n050-set02/family/high-heterogeneous/zero/m2.dat	bdb6058179445d4d3dfecb0d66fa2aaa00fde87468fa394ec24c9b556dd51235
D:/ccx_work/考虑交付的机器调度/work1/instances/family-count-balanced-20260914/data/n050-set02/family/medium-heterogeneous/narrow/m2.dat	97ae220fd67621849c0c50eb807ca655febdc7965a28e3f6dd9d9af0e59c1761
D:/ccx_work/考虑交付的机器调度/work1/instances/family-count-balanced-20260914/data/n050-set02/family/medium-heterogeneous/wide/m2.dat	3c5739889c62576c0aabf3726b379a9400987638ec322713119495398dddb3e7
D:/ccx_work/考虑交付的机器调度/work1/instances/family-count-balanced-20260914/data/n050-set02/family/medium-heterogeneous/zero/m2.dat	2aacf4eb546ae4c6718a5a911033a76d8902a874b4bcd1259177cd28ed3b770c
D:/ccx_work/考虑交付的机器调度/work1/instances/family-count-balanced-20260914/data/n050-set03/family/base/narrow/m2.dat	6030f5e1a81b4ce5a9ec9488ae22fd2941990a7ec7da04f7c57c22196f84d92f
D:/ccx_work/考虑交付的机器调度/work1/instances/family-count-balanced-20260914/data/n050-set03/family/base/wide/m2.dat	6ec102e11c96e15dd4017d97c2c1c1ef71e0611031c59582073718bb91c45fab
D:/ccx_work/考虑交付的机器调度/work1/instances/family-count-balanced-20260914/data/n050-set03/family/base/zero/m2.dat	1773ede83ee2dd1a5ef02fa26fe9b012e90ebca9e5ba0cc7d7a60546809bd054
D:/ccx_work/考虑交付的机器调度/work1/instances/family-count-balanced-20260914/data/n050-set03/family/high-heterogeneous/narrow/m2.dat	c764905bb86b0dfb1aa1936790d7d8113904126eb1a3898f10bc8c5b07eeecd5
D:/ccx_work/考虑交付的机器调度/work1/instances/family-count-balanced-20260914/data/n050-set03/family/high-heterogeneous/wide/m2.dat	975568086c697b3faf52a97920440d32422c79cbad70ec106df5470ce944023b
D:/ccx_work/考虑交付的机器调度/work1/instances/family-count-balanced-20260914/data/n050-set03/family/high-heterogeneous/zero/m2.dat	525274f8329fd676d64d4c98fe0ed0461c9bd1151d9ffb75a8a40568bd67176c
D:/ccx_work/考虑交付的机器调度/work1/instances/family-count-balanced-20260914/data/n050-set03/family/medium-heterogeneous/narrow/m2.dat	377f7ff6b46d1220499a5c14dcf16a43df836ffbbdb3bbc344c37927cbe7a082
D:/ccx_work/考虑交付的机器调度/work1/instances/family-count-balanced-20260914/data/n050-set03/family/medium-heterogeneous/wide/m2.dat	80fba5cbcdc813a275039fcc221f2ef92fdc4ed9a10f0dc991250ee79984cb07
D:/ccx_work/考虑交付的机器调度/work1/instances/family-count-balanced-20260914/data/n050-set03/family/medium-heterogeneous/zero/m2.dat	0f4e32e90e87b4b3a6002d922255a907d612926da7bf51c6de97a10d6e22352e
D:/ccx_work/考虑交付的机器调度/work1/instances/family-count-balanced-20260914/data/n050-set04/family/base/narrow/m2.dat	1ce8f09cea9407fc2b04633ccb906df4ce8870d315f2e11928f5d45b1598cae2
D:/ccx_work/考虑交付的机器调度/work1/instances/family-count-balanced-20260914/data/n050-set04/family/base/wide/m2.dat	f2b79519731408ed07c64eb0999944fed8bfa219a485f517be8cd22eaf03d026
D:/ccx_work/考虑交付的机器调度/work1/instances/family-count-balanced-20260914/data/n050-set04/family/base/zero/m2.dat	943216fd2f32b5293295114f49ea297c1d626521dac4e3e2c2a16587e38c0dac
D:/ccx_work/考虑交付的机器调度/work1/instances/family-count-balanced-20260914/data/n050-set04/family/high-heterogeneous/narrow/m2.dat	bb201d3abacd0ed93bf4d15a7f3d7d7f2c546143b992233c66b4aef4784d44a5
D:/ccx_work/考虑交付的机器调度/work1/instances/family-count-balanced-20260914/data/n050-set04/family/high-heterogeneous/wide/m2.dat	b44011b40a433410ae4c076712304b018d0bf7b3931b627c7608d28add76e177
D:/ccx_work/考虑交付的机器调度/work1/instances/family-count-balanced-20260914/data/n050-set04/family/high-heterogeneous/zero/m2.dat	1534a1d0ab69879a8f438dc1c03b769ff6d7ae4f1525f6774b34b6c68e241d64
D:/ccx_work/考虑交付的机器调度/work1/instances/family-count-balanced-20260914/data/n050-set04/family/medium-heterogeneous/narrow/m2.dat	5a8975f4d7317c731e7bc6640a87327c92ee668ac54ea509ae65561602d400dc
D:/ccx_work/考虑交付的机器调度/work1/instances/family-count-balanced-20260914/data/n050-set04/family/medium-heterogeneous/wide/m2.dat	37229b20114e32b53d023d7a317793090138bc26e7c4380764da9533cd8d869c
D:/ccx_work/考虑交付的机器调度/work1/instances/family-count-balanced-20260914/data/n050-set04/family/medium-heterogeneous/zero/m2.dat	84d7793ddd936a304a450523be44e0755fc0abfbc63eeec73f00f28ea53bbf4b
D:/ccx_work/考虑交付的机器调度/work1/instances/family-count-balanced-20260914/data/n050-set05/family/base/narrow/m2.dat	e4cfec30d125e7885776605ab4814e48f9c0059a9f3ad9f2692e2e96d8effc12
D:/ccx_work/考虑交付的机器调度/work1/instances/family-count-balanced-20260914/data/n050-set05/family/base/wide/m2.dat	d500e7c40dede1a0538762a499c00d3e0c7b6746bd27844ac474bcef9826fcb6
D:/ccx_work/考虑交付的机器调度/work1/instances/family-count-balanced-20260914/data/n050-set05/family/base/zero/m2.dat	57f4ceaaf16fdf005684b4ba461c60e9b9f5dcb3730f359a96a3778a8b0bae85
D:/ccx_work/考虑交付的机器调度/work1/instances/family-count-balanced-20260914/data/n050-set05/family/high-heterogeneous/narrow/m2.dat	77556c8156291e34ff58143d26294817b16c7f9a19bfc1a425493ca8d5227763
D:/ccx_work/考虑交付的机器调度/work1/instances/family-count-balanced-20260914/data/n050-set05/family/high-heterogeneous/wide/m2.dat	d0081cfa07a697cd4ed4f185d4413c58844c7cec247fc7e2f82f78288abc0c9f
D:/ccx_work/考虑交付的机器调度/work1/instances/family-count-balanced-20260914/data/n050-set05/family/high-heterogeneous/zero/m2.dat	8262412e2477eb6d4ed617b189e9ed81a5ce5a438819a24ba3bf9040367ac52b
D:/ccx_work/考虑交付的机器调度/work1/instances/family-count-balanced-20260914/data/n050-set05/family/medium-heterogeneous/narrow/m2.dat	21456ebdfab0f47cc6bc8d789e2d1b664244224cef413592a6e60ce73046ffcb
D:/ccx_work/考虑交付的机器调度/work1/instances/family-count-balanced-20260914/data/n050-set05/family/medium-heterogeneous/wide/m2.dat	58fd24a0cf600bc1dca265c5b25e89bb4fd1f456083a083207db402125b2550e
D:/ccx_work/考虑交付的机器调度/work1/instances/family-count-balanced-20260914/data/n050-set05/family/medium-heterogeneous/zero/m2.dat	e313f423a18f85081923bf3168557a123120f07d9d40d6efcea464feaacbb1d7
D:/ccx_work/考虑交付的机器调度/work1/instances/family-count-balanced-20260914/data/n060-set01/family/base/narrow/m2.dat	5f6a9991a1ecf124810b02a3539c58a545a5702bdee8956509a96c7fdb96d00a
D:/ccx_work/考虑交付的机器调度/work1/instances/family-count-balanced-20260914/data/n060-set01/family/base/wide/m2.dat	4f2f7ffe2b13d72c00d1002b7bbdfe5f0c50104217476b3651093a8abf343127
D:/ccx_work/考虑交付的机器调度/work1/instances/family-count-balanced-20260914/data/n060-set01/family/base/zero/m2.dat	153d01958944afbe4c547b172e3605a168d9406c31d2c4a4678a467666d51e77
D:/ccx_work/考虑交付的机器调度/work1/instances/family-count-balanced-20260914/data/n060-set01/family/high-heterogeneous/narrow/m2.dat	19ccba123b22e400a05b840dc7bc19064ee1db3d4afeeb9624ae3f89ee06fafd
D:/ccx_work/考虑交付的机器调度/work1/instances/family-count-balanced-20260914/data/n060-set01/family/high-heterogeneous/wide/m2.dat	8d42626c27d221c0f3f26b18cfe66f5cc096492a7d30e513814507c5ac897414
D:/ccx_work/考虑交付的机器调度/work1/instances/family-count-balanced-20260914/data/n060-set01/family/high-heterogeneous/zero/m2.dat	12a32c2ccf4a0158f2db7040f8f473c9ecdf320655419ed16f9577f9b029c188
D:/ccx_work/考虑交付的机器调度/work1/instances/family-count-balanced-20260914/data/n060-set01/family/medium-heterogeneous/narrow/m2.dat	87772939bc586ef55f2da35133d7082788aadf5bceff5a1f4b7a83a8b8a0f57b
D:/ccx_work/考虑交付的机器调度/work1/instances/family-count-balanced-20260914/data/n060-set01/family/medium-heterogeneous/wide/m2.dat	c1bff017c1065f4d54fd5d3f73bb56c454a105ff01fe1f43e4b02536f6efa5af
D:/ccx_work/考虑交付的机器调度/work1/instances/family-count-balanced-20260914/data/n060-set01/family/medium-heterogeneous/zero/m2.dat	f03a102d23103fa18eededd90d2727641ca93b74630994ac1a3e4ee78bd5eec2
D:/ccx_work/考虑交付的机器调度/work1/instances/family-count-balanced-20260914/data/n060-set02/family/base/narrow/m2.dat	3eb92aacf21be98943e45b7b4fc35da08aef35be330de479e7123a3bbac70fa1
D:/ccx_work/考虑交付的机器调度/work1/instances/family-count-balanced-20260914/data/n060-set02/family/base/wide/m2.dat	1c4f97a18337fd4438e7112fc93b8b0e9fdf4f79220900765cab450173604c79
D:/ccx_work/考虑交付的机器调度/work1/instances/family-count-balanced-20260914/data/n060-set02/family/base/zero/m2.dat	4db444d5fb04fd74305a3f720d4ee96a80b0f7079071c504e91db42afb57de56
D:/ccx_work/考虑交付的机器调度/work1/instances/family-count-balanced-20260914/data/n060-set02/family/high-heterogeneous/narrow/m2.dat	6dcc3f82d3d991b171e1c58d9dd5cdd653f86f715e83c381dfa71d25246c497b
D:/ccx_work/考虑交付的机器调度/work1/instances/family-count-balanced-20260914/data/n060-set02/family/high-heterogeneous/wide/m2.dat	b4b7ad6bd593276e9d59741f2f1dc040c366a8a795efcd26a8ad67a062439703
D:/ccx_work/考虑交付的机器调度/work1/instances/family-count-balanced-20260914/data/n060-set02/family/high-heterogeneous/zero/m2.dat	443f3dc487d34c08e4876901b4c45adfb6ba1b9effa496d357e955b71984436b
D:/ccx_work/考虑交付的机器调度/work1/instances/family-count-balanced-20260914/data/n060-set02/family/medium-heterogeneous/narrow/m2.dat	6b4fc991b940ce25c16805a2e05a29f2cf74e0813272d369ef47601121a95d1b
D:/ccx_work/考虑交付的机器调度/work1/instances/family-count-balanced-20260914/data/n060-set02/family/medium-heterogeneous/wide/m2.dat	6b93907c0b6805ebd2baeb2f5d882c91601008d372c0317706210cc83b9ba363
D:/ccx_work/考虑交付的机器调度/work1/instances/family-count-balanced-20260914/data/n060-set02/family/medium-heterogeneous/zero/m2.dat	06b387656639d0744db49ff6065659f10577190bd549a758f81ea0f94cd98dcb
D:/ccx_work/考虑交付的机器调度/work1/instances/family-count-balanced-20260914/data/n060-set03/family/base/narrow/m2.dat	650e88d8faae0abef333591f83480c90171d1360d2a54798079f56449f903954
D:/ccx_work/考虑交付的机器调度/work1/instances/family-count-balanced-20260914/data/n060-set03/family/base/wide/m2.dat	497259e68c1a76ddb135dbd28bf1c76674b8afef4b0ffa5279fc77f14c968b5f
D:/ccx_work/考虑交付的机器调度/work1/instances/family-count-balanced-20260914/data/n060-set03/family/base/zero/m2.dat	2c1b42d8c864d95eada88029c5cdfa6acffd58811bbbec6d13e8d346b074b1e1
D:/ccx_work/考虑交付的机器调度/work1/instances/family-count-balanced-20260914/data/n060-set03/family/high-heterogeneous/narrow/m2.dat	6d6717347d8dc087b56b8034794598da06e14f9e6d959f733a601a4694ab6a1e
D:/ccx_work/考虑交付的机器调度/work1/instances/family-count-balanced-20260914/data/n060-set03/family/high-heterogeneous/wide/m2.dat	378d74372ef545dfea02c6cfe20c2ac6e6ce3774fc8b257879136f3469773377
D:/ccx_work/考虑交付的机器调度/work1/instances/family-count-balanced-20260914/data/n060-set03/family/high-heterogeneous/zero/m2.dat	39009503af831a0a20573aeac0656d8f41be15b515754215a507aca3a5076844
D:/ccx_work/考虑交付的机器调度/work1/instances/family-count-balanced-20260914/data/n060-set03/family/medium-heterogeneous/narrow/m2.dat	fbf1db226317c9460feeec691f9de03c3ff61f3ef9090f729e3adaece61eb98d
D:/ccx_work/考虑交付的机器调度/work1/instances/family-count-balanced-20260914/data/n060-set03/family/medium-heterogeneous/wide/m2.dat	5c6d857bac70ef2e37a06602126e902d9a0ed2ce0193aaed032878591da21b0a
D:/ccx_work/考虑交付的机器调度/work1/instances/family-count-balanced-20260914/data/n060-set03/family/medium-heterogeneous/zero/m2.dat	f51539a86452fe8cc4decb5b344da780f9c5819008da53f6f15d3e2104d3de86
D:/ccx_work/考虑交付的机器调度/work1/instances/family-count-balanced-20260914/data/n060-set04/family/base/narrow/m2.dat	878007d9f6b8093ecf1bcaab6c93ddad322fbd978614a59c96c76f1fe582ec53
D:/ccx_work/考虑交付的机器调度/work1/instances/family-count-balanced-20260914/data/n060-set04/family/base/wide/m2.dat	e78dc4a8705659f7d725b5a153a123f2cbc24247babbc87812fff268a45ac3c6
D:/ccx_work/考虑交付的机器调度/work1/instances/family-count-balanced-20260914/data/n060-set04/family/base/zero/m2.dat	e43e63dd83231831cc95f2b739f33c582d4c8345fcb140a2b32fcfcd4c1c980e
D:/ccx_work/考虑交付的机器调度/work1/instances/family-count-balanced-20260914/data/n060-set04/family/high-heterogeneous/narrow/m2.dat	6cf0a6b33f1cab6b285ed7ef19e172ca5f8a862043e4cb07a1394a9bfeff1fa2
D:/ccx_work/考虑交付的机器调度/work1/instances/family-count-balanced-20260914/data/n060-set04/family/high-heterogeneous/wide/m2.dat	337758030b5695b3e07a4167b130edcb243ec0d4712fd426ae77b7f6d3af7064
D:/ccx_work/考虑交付的机器调度/work1/instances/family-count-balanced-20260914/data/n060-set04/family/high-heterogeneous/zero/m2.dat	7a4468c8e8ee116fbec6c0dc0b9c7c1839359c7412383dc5f50c0f1c036a71bd
D:/ccx_work/考虑交付的机器调度/work1/instances/family-count-balanced-20260914/data/n060-set04/family/medium-heterogeneous/narrow/m2.dat	a4930ec275b96469383f659c250ce6ebab490e6f34f014e146094a90bcf9d268
D:/ccx_work/考虑交付的机器调度/work1/instances/family-count-balanced-20260914/data/n060-set04/family/medium-heterogeneous/wide/m2.dat	d9bdda61d98e19e4319e10a8798cdcc76849dd92b2ec4223f184ffa3326e6f1a
D:/ccx_work/考虑交付的机器调度/work1/instances/family-count-balanced-20260914/data/n060-set04/family/medium-heterogeneous/zero/m2.dat	2ed0f081ff8c575020da9d356ac9b5f97a08a1b6422ef8c532b193c4b47377f3
D:/ccx_work/考虑交付的机器调度/work1/instances/family-count-balanced-20260914/data/n060-set05/family/base/narrow/m2.dat	bd7158ac70b2a63eb849191b7c7ebf301bcded26d2d5d73153c35844811faa01
D:/ccx_work/考虑交付的机器调度/work1/instances/family-count-balanced-20260914/data/n060-set05/family/base/wide/m2.dat	50c9b3fd3dde86f1601b230cb56db2c01e07dcae4ca219e8bb3ec68bf6c906c5
D:/ccx_work/考虑交付的机器调度/work1/instances/family-count-balanced-20260914/data/n060-set05/family/base/zero/m2.dat	8bc000be3ccf1e233214cfde1f5748a87b4cf05a88efb45daba2255feecea5cd
D:/ccx_work/考虑交付的机器调度/work1/instances/family-count-balanced-20260914/data/n060-set05/family/high-heterogeneous/narrow/m2.dat	e31e79680b2320259e812c10606361c7cfd9245707cfb6273ef444235854a796
D:/ccx_work/考虑交付的机器调度/work1/instances/family-count-balanced-20260914/data/n060-set05/family/high-heterogeneous/wide/m2.dat	de156b174d088615793ea4a70416424f003b0753d7ab3fdfa95b5abd0542e90d
D:/ccx_work/考虑交付的机器调度/work1/instances/family-count-balanced-20260914/data/n060-set05/family/high-heterogeneous/zero/m2.dat	f18fa6204c38aee196b7204e57f76b87b7ed820406f6816caaedb95e7c568956
D:/ccx_work/考虑交付的机器调度/work1/instances/family-count-balanced-20260914/data/n060-set05/family/medium-heterogeneous/narrow/m2.dat	86b2e1249b579c14da103e42383fbe2c3fd114243c4b85b73141a63b623c6be1
D:/ccx_work/考虑交付的机器调度/work1/instances/family-count-balanced-20260914/data/n060-set05/family/medium-heterogeneous/wide/m2.dat	7a4e7a09a9880d45898294b588d2ec48677c5e6847c50934cfab7d0afc8bd1cd
D:/ccx_work/考虑交付的机器调度/work1/instances/family-count-balanced-20260914/data/n060-set05/family/medium-heterogeneous/zero/m2.dat	e8f509bbe2527083ff0946227528333b90197253f07af82447ba552bf796bc29
